user_id,consumption_freq_hrs_wk,sleep_quality_score,stress_level_score,tenure_months,plan_type,churned
1,18.8,71.1,31.8,3,Free Trial,0
2,13.6,71.3,23.2,30,Annual,1
3,12.9,69.7,0.0,32,Annual,0
4,12.9,71.0,8.1,23,Monthly,0
5,30.4,51.0,27.3,2,Monthly,1
6,21.4,66.9,28.8,7,Monthly,1
7,11.4,65.2,2.7,34,Monthly,0
8,19.2,60.4,11.3,32,Monthly,0
9,16.6,61.8,4.1,32,Annual,0
10,4.4,85.0,0.0,14,Monthly,1
11,8.2,74.5,0.0,3,Monthly,1
12,17.2,62.8,33.0,32,Monthly,0
13,29.0,52.9,22.3,17,Free Trial,0
14,13.0,70.3,20.3,3,Free Trial,0
15,10.9,85.2,8.6,10,Annual,0
16,15.5,58.1,19.1,18,Monthly,1
17,10.5,77.9,5.1,3,Monthly,1
18,12.5,74.5,19.5,10,Monthly,0
19,14.6,61.8,18.9,9,Free Trial,1
20,8.0,86.6,7.3,11,Free Trial,1
21,21.9,66.6,14.7,33,Annual,1
22,7.2,71.5,6.6,26,Monthly,0
23,6.7,61.1,18.6,27,Monthly,0
24,16.2,69.2,18.2,22,Annual,0
25,21.1,62.7,21.9,26,Free Trial,0
26,16.0,59.3,12.2,22,Monthly,1
27,13.8,61.2,34.7,5,Monthly,0
28,12.5,77.7,7.2,35,Monthly,0
29,11.4,56.1,17.2,2,Monthly,1
30,24.3,62.6,20.9,35,Annual,0
31,17.3,64.9,35.6,9,Annual,1
32,11.9,75.3,9.4,18,Free Trial,1
33,10.1,70.6,8.9,12,Free Trial,1
34,19.9,66.5,20.1,3,Annual,0
35,24.1,54.4,18.7,18,Monthly,1
36,23.0,60.9,23.4,7,Free Trial,1
37,9.1,77.7,31.1,33,Monthly,0
38,12.4,72.0,15.9,6,Monthly,1
39,11.3,74.9,14.1,18,Monthly,1
40,13.3,62.6,10.1,22,Free Trial,0
41,21.8,57.6,38.1,9,Monthly,1
42,27.7,52.5,44.9,35,Monthly,1
43,17.6,63.9,26.2,23,Free Trial,0
44,10.3,83.6,14.4,12,Monthly,0
45,14.4,66.2,13.9,24,Monthly,0
46,30.2,45.7,34.4,9,Annual,1
47,15.3,72.5,7.2,13,Annual,0
48,12.5,81.5,0.3,17,Monthly,0
49,13.0,60.2,3.7,7,Monthly,0
50,17.6,82.0,16.8,17,Monthly,0
51,9.3,76.9,0.0,24,Annual,0
52,11.1,80.2,5.6,2,Monthly,1
53,22.9,73.2,18.1,35,Free Trial,0
54,17.3,74.2,24.2,28,Monthly,1
55,15.4,67.2,11.1,19,Free Trial,0
56,23.4,70.7,29.7,33,Free Trial,1
57,9.9,75.1,19.4,21,Monthly,0
58,12.3,79.7,1.2,10,Annual,0
59,17.1,76.3,24.6,9,Free Trial,0
60,16.8,58.2,17.2,6,Monthly,1
61,6.3,82.7,2.2,35,Monthly,0
62,11.7,70.0,10.9,18,Annual,0
63,13.5,71.0,14.1,19,Monthly,0
64,18.0,66.8,14.1,5,Free Trial,0
65,16.7,67.6,9.4,25,Monthly,1
66,14.1,81.5,4.5,11,Monthly,0
67,4.3,67.2,11.5,10,Free Trial,0
68,14.5,55.2,18.0,17,Free Trial,1
69,15.1,52.9,25.2,26,Monthly,1
70,42.8,52.1,36.4,31,Monthly,1
71,13.2,63.9,16.8,32,Monthly,0
72,17.1,67.7,22.4,21,Free Trial,1
73,25.3,58.3,37.2,18,Monthly,1
74,21.2,55.8,36.1,18,Monthly,0
75,28.2,63.4,36.6,1,Free Trial,1
76,6.3,75.3,16.7,14,Monthly,0
77,8.3,72.6,29.6,8,Free Trial,0
78,10.7,74.2,15.6,2,Annual,1
79,5.7,82.6,9.3,15,Monthly,1
80,15.2,60.6,38.4,34,Monthly,1
81,8.7,81.2,0.0,1,Free Trial,0
82,30.0,66.6,22.6,21,Monthly,0
83,9.4,62.1,25.8,1,Monthly,0
84,12.3,73.1,21.7,32,Monthly,0
85,21.8,59.9,45.1,20,Free Trial,1
86,7.1,81.2,8.5,30,Free Trial,0
87,5.5,67.3,6.9,7,Monthly,1
88,16.1,80.5,9.7,22,Monthly,0
89,16.7,54.1,23.9,10,Free Trial,1
90,21.5,60.7,36.2,8,Monthly,0
91,19.0,68.3,32.7,27,Monthly,0
92,17.1,61.2,18.5,10,Monthly,1
93,10.1,66.2,15.9,14,Monthly,0
94,16.5,68.9,10.9,11,Monthly,0
95,17.0,67.3,12.6,6,Free Trial,0
96,9.8,73.2,20.9,21,Free Trial,0
97,34.1,58.2,43.7,33,Monthly,1
98,18.6,62.1,13.3,19,Monthly,0
99,8.4,77.0,11.7,24,Monthly,0
100,21.6,58.5,20.1,18,Annual,0
101,23.4,54.2,32.4,35,Annual,0
102,18.1,63.5,15.4,19,Free Trial,0
103,12.9,66.4,0.0,24,Annual,0
104,9.6,69.8,21.4,34,Monthly,1
105,14.1,78.6,9.4,22,Monthly,0
106,17.4,64.3,16.5,4,Annual,0
107,14.8,63.4,21.0,10,Annual,1
108,28.9,56.3,30.2,2,Annual,1
109,20.0,64.8,23.7,8,Free Trial,1
110,9.0,64.4,0.0,33,Free Trial,0
111,7.9,72.5,15.6,28,Monthly,0
112,18.7,62.5,2.3,10,Monthly,0
113,13.0,68.9,21.4,1,Free Trial,1
114,20.8,69.0,28.8,34,Annual,0
115,18.6,66.4,6.0,3,Monthly,1
116,14.1,79.1,15.0,9,Monthly,0
117,9.1,73.7,20.4,5,Monthly,1
118,5.9,90.9,0.0,10,Monthly,0
119,16.4,63.6,24.0,12,Free Trial,0
120,7.0,69.5,0.0,18,Annual,0
121,8.9,78.4,19.3,21,Monthly,0
122,15.9,78.6,13.4,21,Free Trial,0
123,15.1,57.4,16.8,1,Annual,0
124,7.5,73.6,18.9,3,Annual,1
125,24.6,55.0,40.6,5,Annual,1
126,24.3,61.3,27.4,25,Annual,1
127,19.0,65.0,33.4,8,Monthly,0
128,19.0,75.7,1.7,17,Annual,0
129,19.0,64.1,25.2,9,Free Trial,0
130,60.0,39.0,48.1,32,Monthly,1
131,23.3,58.6,16.1,6,Monthly,0
132,20.2,71.2,0.4,21,Free Trial,0
133,9.5,75.3,16.2,7,Monthly,0
134,12.9,84.2,17.7,7,Monthly,0
135,40.5,33.7,52.2,27,Monthly,1
136,4.5,68.6,20.5,8,Free Trial,0
137,11.3,86.4,1.4,9,Annual,1
138,24.7,53.9,37.0,28,Free Trial,1
139,9.8,67.8,25.6,15,Monthly,1
140,20.5,56.5,20.0,2,Annual,1
141,15.0,77.7,13.2,7,Monthly,0
142,10.2,62.8,6.4,18,Monthly,0
143,4.0,78.6,19.9,22,Free Trial,1
144,16.1,65.3,3.7,10,Monthly,1
145,9.4,81.8,13.4,33,Annual,0
146,13.8,65.1,10.7,7,Annual,0
147,18.9,68.3,7.9,3,Monthly,1
148,22.3,52.5,7.7,14,Free Trial,0
149,11.3,90.0,5.3,13,Free Trial,0
150,10.2,70.9,1.0,16,Free Trial,0
151,7.0,75.8,9.6,16,Monthly,0
152,22.9,74.6,34.1,5,Free Trial,0
153,37.7,43.4,37.5,25,Free Trial,0
154,24.1,73.7,37.1,26,Monthly,1
155,26.7,54.7,17.4,13,Monthly,0
156,9.9,78.5,0.0,26,Monthly,0
157,18.3,60.9,10.6,1,Annual,1
158,21.4,51.9,23.6,8,Monthly,1
159,1.2,84.2,27.9,4,Monthly,1
160,8.1,79.8,0.0,21,Monthly,0
161,31.1,43.5,37.6,22,Monthly,1
162,6.2,74.0,2.9,3,Free Trial,0
163,28.7,65.8,22.0,19,Free Trial,0
164,6.2,81.2,0.0,1,Monthly,0
165,8.4,71.3,19.1,29,Monthly,0
166,18.5,60.6,19.6,23,Annual,1
167,15.2,83.9,21.0,33,Annual,0
168,11.9,59.7,18.2,23,Free Trial,0
169,30.5,54.1,11.1,5,Annual,1
170,7.1,63.9,22.6,7,Monthly,1
171,13.5,80.3,0.0,6,Annual,0
172,19.7,64.3,2.7,22,Free Trial,0
173,16.9,68.2,8.6,13,Free Trial,0
174,10.4,94.8,0.0,12,Monthly,0
175,10.6,67.7,26.1,4,Annual,0
176,22.2,76.0,15.9,8,Free Trial,1
177,22.7,58.5,34.2,31,Free Trial,0
178,17.1,64.7,12.9,26,Annual,0
179,9.2,94.8,7.5,8,Annual,0
180,10.8,71.0,16.9,33,Free Trial,1
181,14.5,57.9,24.9,29,Monthly,0
182,15.6,70.2,11.3,5,Monthly,0
183,19.3,63.3,16.2,28,Monthly,0
184,13.2,73.1,10.6,17,Monthly,1
185,21.9,61.2,6.8,23,Monthly,0
186,21.8,80.1,15.2,9,Monthly,1
187,27.1,62.1,20.8,2,Monthly,1
188,14.8,60.1,23.4,32,Monthly,0
189,17.3,67.4,18.1,31,Monthly,0
190,13.7,63.3,28.6,7,Monthly,1
191,9.2,71.7,12.2,30,Monthly,0
192,37.2,41.2,31.1,3,Free Trial,1
193,25.4,76.0,19.7,9,Monthly,1
194,21.6,57.0,29.3,10,Monthly,1
195,14.6,74.4,0.0,26,Monthly,0
196,8.8,71.5,5.0,1,Monthly,0
197,23.5,51.6,19.2,30,Free Trial,0
198,13.6,71.4,17.8,15,Monthly,0
199,18.1,68.9,22.0,25,Monthly,1
200,10.8,76.8,11.8,6,Annual,0
201,16.6,46.1,1.0,18,Monthly,0
202,11.1,62.1,0.6,1,Monthly,0
203,11.3,79.4,8.3,3,Monthly,1
204,16.5,59.7,14.6,17,Annual,1
205,6.1,78.1,8.0,8,Monthly,0
206,6.3,66.3,7.4,17,Monthly,0
207,9.8,79.0,23.5,25,Monthly,0
208,13.1,77.7,0.0,12,Monthly,0
209,22.3,67.8,22.6,29,Free Trial,1
210,13.5,78.1,19.4,25,Monthly,0
211,14.5,81.4,17.9,25,Annual,0
212,12.6,61.3,23.6,29,Annual,1
213,17.3,60.1,27.8,11,Monthly,1
214,9.2,80.9,3.4,4,Annual,0
215,13.8,78.6,2.1,14,Monthly,1
216,18.0,60.4,1.4,17,Monthly,0
217,16.5,61.2,15.4,2,Monthly,1
218,14.8,63.5,10.1,8,Free Trial,0
219,14.9,55.8,29.9,10,Monthly,1
220,18.8,54.9,19.3,7,Monthly,0
221,38.1,37.7,28.4,16,Annual,1
222,9.5,71.1,1.2,14,Monthly,0
223,38.6,49.4,52.3,16,Monthly,1
224,9.3,77.1,9.8,25,Monthly,0
225,3.7,74.6,0.6,4,Free Trial,0
226,11.0,68.2,14.7,29,Monthly,0
227,17.4,67.3,34.5,6,Monthly,1
228,34.2,39.2,31.6,1,Monthly,1
229,8.8,81.8,14.5,1,Monthly,0
230,18.8,75.4,26.4,3,Monthly,0
231,6.7,71.0,0.0,1,Monthly,0
232,33.6,48.5,26.2,1,Annual,1
233,25.7,68.8,31.0,21,Monthly,1
234,11.4,70.8,6.7,30,Monthly,0
235,5.1,82.1,9.9,32,Monthly,0
236,27.7,56.4,19.5,33,Free Trial,0
237,13.8,82.0,7.0,22,Free Trial,0
238,26.3,62.2,18.7,30,Free Trial,1
239,14.7,73.1,19.9,4,Free Trial,0
240,15.0,73.0,16.2,23,Free Trial,1
241,11.5,67.2,15.0,25,Free Trial,1
242,20.0,60.3,43.5,12,Free Trial,0
243,15.6,74.1,30.0,17,Monthly,1
244,19.0,65.9,0.8,15,Annual,0
245,5.8,67.4,7.0,10,Annual,0
246,26.8,72.9,42.7,35,Free Trial,0
247,30.0,62.8,20.5,29,Monthly,0
248,15.6,68.3,34.9,12,Annual,1
249,36.8,46.7,30.4,1,Free Trial,1
250,32.6,54.2,27.6,1,Annual,1
251,20.2,68.0,26.5,10,Monthly,1
252,27.8,40.7,30.3,18,Annual,1
253,24.4,77.0,22.8,2,Annual,0
254,4.9,71.3,23.5,8,Monthly,0
255,12.7,70.6,20.6,22,Monthly,0
256,20.9,63.5,21.7,22,Free Trial,0
257,31.0,70.1,39.1,26,Free Trial,0
258,6.4,75.5,16.8,26,Monthly,0
259,5.1,90.1,0.0,9,Free Trial,0
260,14.2,72.4,31.9,21,Free Trial,0
261,3.8,70.8,14.6,31,Monthly,1
262,14.0,70.5,12.6,6,Annual,1
263,17.7,65.2,0.0,14,Free Trial,0
264,8.6,65.6,0.6,33,Monthly,0
265,14.2,72.1,29.5,7,Monthly,1
266,23.3,61.2,38.1,24,Monthly,1
267,11.0,76.6,11.8,9,Free Trial,1
268,9.4,75.1,0.0,11,Annual,0
269,13.9,64.3,6.5,23,Monthly,1
270,8.1,80.9,0.0,2,Monthly,0
271,35.4,45.1,19.0,15,Free Trial,1
272,14.9,43.8,41.3,35,Monthly,1
273,9.9,74.1,29.8,28,Annual,0
274,16.4,62.8,8.1,4,Free Trial,1
275,13.8,72.6,13.7,10,Monthly,0
276,13.0,86.3,0.0,6,Free Trial,0
277,11.0,88.4,7.4,30,Annual,0
278,10.7,71.1,27.3,35,Free Trial,0
279,5.9,70.1,19.9,10,Annual,1
280,27.8,61.6,32.1,32,Monthly,1
281,19.5,61.5,18.6,3,Monthly,0
282,17.2,69.7,27.9,26,Monthly,0
283,13.7,64.4,22.0,15,Free Trial,0
284,8.5,76.4,13.4,17,Monthly,0
285,9.6,66.9,12.2,27,Monthly,0
286,6.2,85.9,8.5,18,Free Trial,0
287,10.3,68.1,15.8,19,Annual,0
288,7.8,80.2,3.4,12,Free Trial,0
289,31.8,43.3,25.5,24,Monthly,1
290,22.5,68.0,11.0,5,Monthly,1
291,15.3,60.5,9.8,24,Free Trial,1
292,9.0,76.0,8.5,27,Monthly,1
293,8.1,82.9,4.4,30,Monthly,0
294,13.3,68.5,9.2,15,Monthly,0
295,23.0,53.1,18.4,34,Monthly,0
296,6.4,80.3,10.0,27,Free Trial,0
297,19.4,57.8,33.7,20,Annual,0
298,10.2,69.6,12.7,32,Monthly,0
299,11.2,74.0,11.3,4,Free Trial,0
300,15.0,79.3,4.1,5,Monthly,0
301,9.2,74.0,8.9,8,Free Trial,0
302,12.9,70.6,24.6,22,Monthly,0
303,8.8,80.0,18.1,7,Monthly,0
304,10.7,72.8,20.7,22,Annual,0
305,21.2,68.0,27.7,30,Annual,1
306,15.4,76.7,17.4,16,Monthly,1
307,21.2,60.3,25.2,15,Monthly,1
308,10.2,46.7,21.8,5,Monthly,0
309,19.5,57.9,17.6,3,Monthly,0
310,5.4,86.8,5.7,23,Monthly,0
311,15.0,68.2,17.8,10,Annual,1
312,20.1,61.2,26.4,5,Free Trial,1
313,5.3,86.6,5.8,23,Monthly,0
314,10.2,72.0,31.0,15,Annual,0
315,15.0,51.7,9.9,18,Monthly,0
316,23.8,48.5,33.3,25,Free Trial,1
317,10.7,75.7,10.8,8,Free Trial,1
318,19.1,64.3,19.3,31,Monthly,0
319,28.7,67.8,16.1,21,Monthly,1
320,19.5,58.5,30.4,2,Monthly,1
321,13.2,67.7,20.8,22,Monthly,0
322,17.7,59.0,27.5,8,Annual,1
323,10.5,68.4,14.8,23,Monthly,0
324,15.3,53.1,17.6,32,Monthly,0
325,13.5,66.8,14.8,8,Monthly,0
326,17.4,65.9,21.7,4,Free Trial,1
327,11.7,70.3,0.0,30,Free Trial,1
328,17.9,83.1,20.8,19,Annual,0
329,11.7,86.2,30.4,23,Annual,0
330,22.4,55.8,27.9,18,Free Trial,1
331,12.3,54.6,15.9,29,Annual,0
332,3.9,77.7,5.4,23,Free Trial,0
333,8.2,77.6,15.6,33,Monthly,0
334,14.8,61.8,15.3,18,Free Trial,0
335,31.6,47.1,39.1,33,Annual,1
336,22.0,74.9,16.1,7,Free Trial,0
337,3.4,76.9,22.2,28,Monthly,1
338,6.0,81.9,21.9,1,Monthly,0
339,25.3,51.8,23.4,34,Free Trial,1
340,20.1,63.5,19.3,19,Monthly,1
341,39.8,43.5,36.7,31,Free Trial,1
342,11.4,66.3,14.3,13,Monthly,0
343,9.1,83.1,0.0,24,Monthly,0
344,15.2,57.2,9.4,5,Monthly,1
345,11.3,74.2,23.2,23,Annual,0
346,24.1,57.4,33.9,19,Monthly,1
347,11.1,75.3,21.2,1,Free Trial,1
348,12.7,67.8,14.0,33,Monthly,0
349,8.4,81.4,25.2,33,Monthly,1
350,21.3,55.3,22.9,32,Annual,0
351,8.7,83.5,15.5,28,Free Trial,0
352,18.1,65.5,5.8,12,Monthly,1
353,34.2,40.5,32.6,9,Annual,1
354,4.8,83.1,4.3,11,Annual,0
355,29.4,54.0,27.4,33,Monthly,0
356,16.9,53.1,9.4,19,Monthly,1
357,7.6,77.8,15.2,34,Monthly,0
358,15.5,76.1,23.0,7,Free Trial,0
359,21.0,73.4,10.8,31,Annual,0
360,9.4,70.5,1.7,2,Free Trial,0
361,18.6,66.4,11.4,19,Monthly,1
362,30.6,54.9,32.8,32,Monthly,1
363,11.1,83.9,3.5,10,Monthly,0
364,8.3,68.0,11.0,8,Monthly,0
365,13.7,65.9,6.1,26,Monthly,1
366,15.1,61.7,35.6,30,Monthly,1
367,24.7,48.1,27.8,11,Monthly,1
368,13.5,71.8,24.2,20,Monthly,0
369,11.6,84.3,13.5,20,Annual,0
370,8.2,73.0,10.2,9,Annual,1
371,5.3,70.2,9.0,8,Monthly,0
372,6.8,77.3,2.0,15,Monthly,0
373,6.8,80.6,3.5,34,Monthly,0
374,12.8,69.3,5.2,24,Monthly,0
375,5.9,87.9,0.0,33,Annual,1
376,14.3,62.7,35.8,27,Monthly,1
377,33.9,49.2,34.4,21,Free Trial,1
378,25.1,61.8,36.5,5,Annual,1
379,12.7,73.7,5.7,35,Monthly,0
380,44.5,42.3,28.5,21,Monthly,1
381,15.1,58.2,10.1,4,Annual,1
382,16.2,86.1,7.3,16,Monthly,0
383,13.6,67.9,15.4,31,Monthly,0
384,14.4,69.9,13.6,26,Monthly,0
385,10.9,77.1,3.9,35,Monthly,1
386,12.8,65.4,16.2,6,Monthly,1
387,29.5,55.9,29.0,33,Free Trial,0
388,26.4,52.8,33.0,21,Free Trial,0
389,3.8,81.9,18.8,16,Monthly,1
390,6.3,74.1,6.0,34,Monthly,0
391,9.5,75.6,21.5,15,Free Trial,0
392,23.1,52.9,25.4,6,Annual,1
393,26.7,51.3,13.6,2,Monthly,0
394,20.9,52.3,39.9,24,Free Trial,1
395,7.6,69.5,31.8,28,Monthly,0
396,11.0,51.5,24.2,1,Annual,0
397,18.7,62.7,20.3,1,Monthly,1
398,12.9,66.1,12.8,28,Free Trial,0
399,12.0,72.4,8.7,20,Free Trial,1
400,12.1,71.5,24.1,8,Monthly,1
401,25.5,69.1,21.1,1,Monthly,0
402,19.7,85.0,28.4,26,Monthly,1
403,12.4,79.9,11.2,25,Annual,0
404,17.3,62.8,15.0,10,Free Trial,1
405,7.0,71.7,4.9,12,Annual,0
406,11.0,79.0,3.7,7,Annual,0
407,24.3,46.7,32.0,12,Annual,1
408,5.7,74.4,0.0,17,Annual,1
409,19.8,62.3,12.9,5,Annual,1
410,3.8,83.3,17.0,14,Monthly,0
411,31.9,58.2,19.5,34,Monthly,1
412,10.9,66.3,21.9,17,Monthly,1
413,17.9,62.5,0.5,35,Annual,0
414,15.6,71.6,28.1,1,Monthly,0
415,15.8,61.3,6.9,15,Free Trial,1
416,17.2,76.2,6.7,19,Free Trial,0
417,5.1,82.3,12.2,5,Annual,0
418,16.0,69.0,18.6,19,Monthly,0
419,13.3,73.2,21.4,5,Monthly,0
420,10.9,68.4,2.0,12,Monthly,0
421,9.5,68.5,10.1,19,Monthly,0
422,16.2,64.0,12.2,12,Free Trial,0
423,8.4,78.5,0.0,12,Monthly,1
424,24.0,62.0,28.0,18,Monthly,0
425,18.6,61.9,28.1,34,Annual,1
426,16.7,73.0,12.3,33,Monthly,0
427,23.6,59.4,36.8,18,Monthly,1
428,4.6,72.3,1.8,29,Monthly,0
429,6.9,77.8,21.9,5,Monthly,1
430,19.0,56.8,26.5,25,Free Trial,1
431,9.8,59.7,4.5,24,Monthly,0
432,10.5,72.5,29.8,29,Annual,0
433,6.3,71.1,6.2,33,Monthly,0
434,8.4,72.4,21.7,10,Monthly,1
435,24.3,52.4,27.0,33,Annual,0
436,18.8,74.8,19.3,23,Annual,0
437,16.1,62.2,26.3,11,Monthly,1
438,10.7,68.9,20.8,24,Monthly,1
439,15.6,71.0,12.2,24,Annual,1
440,25.3,48.2,32.3,7,Annual,0
441,9.9,61.5,19.1,21,Annual,0
442,14.4,72.1,16.2,20,Monthly,1
443,32.8,48.9,29.6,10,Monthly,1
444,20.8,56.1,24.5,25,Free Trial,1
445,10.8,77.1,28.5,15,Monthly,1
446,20.0,57.5,19.1,6,Annual,0
447,5.6,74.7,19.5,2,Annual,0
448,14.1,62.1,11.5,12,Monthly,0
449,20.0,66.5,11.1,4,Monthly,0
450,17.8,76.7,44.3,23,Monthly,1
451,19.9,49.2,29.0,13,Monthly,0
452,22.0,63.1,26.3,17,Monthly,0
453,18.5,72.2,21.8,31,Monthly,0
454,18.2,62.2,32.0,16,Free Trial,1
455,16.3,58.3,23.2,26,Monthly,0
456,7.8,78.3,16.2,28,Free Trial,0
457,24.3,68.1,11.4,1,Annual,0
458,14.4,76.2,21.9,12,Monthly,0
459,20.5,66.4,17.2,20,Annual,1
460,23.1,62.0,28.1,2,Free Trial,1
461,11.1,64.9,0.0,15,Free Trial,0
462,11.6,78.5,16.5,22,Monthly,1
463,12.4,77.3,0.0,32,Monthly,0
464,26.5,49.0,25.4,20,Monthly,0
465,8.8,77.0,0.0,33,Free Trial,0
466,28.8,61.3,31.1,15,Free Trial,0
467,16.2,74.5,15.2,3,Monthly,0
468,16.8,66.3,10.4,29,Free Trial,0
469,22.6,54.8,36.9,27,Monthly,0
470,15.3,64.2,9.1,5,Monthly,1
471,24.4,52.0,0.0,31,Free Trial,0
472,11.1,71.6,17.2,22,Free Trial,1
473,28.3,54.5,11.3,35,Free Trial,0
474,11.5,88.8,0.0,7,Annual,0
475,28.9,63.2,20.3,6,Monthly,1
476,11.7,79.2,0.0,26,Annual,0
477,12.6,74.4,8.2,1,Monthly,1
478,8.2,71.6,0.0,19,Monthly,0
479,9.5,71.2,13.3,7,Free Trial,1
480,14.4,67.6,4.6,12,Monthly,0
481,16.5,68.6,16.8,20,Annual,0
482,23.6,63.9,32.3,23,Annual,0
483,13.1,70.2,21.2,25,Monthly,0
484,7.6,72.8,9.6,30,Annual,0
485,17.8,61.2,10.5,29,Free Trial,1
486,16.0,56.5,21.3,31,Monthly,0
487,18.8,75.4,9.5,18,Monthly,0
488,10.3,90.4,8.4,19,Annual,0
489,11.0,81.7,0.0,4,Monthly,0
490,10.3,62.7,22.1,1,Annual,1
491,25.8,65.1,23.0,15,Monthly,0
492,28.5,64.6,44.2,8,Monthly,1
493,10.7,69.1,24.9,15,Monthly,0
494,10.8,76.2,16.2,15,Monthly,1
495,20.1,60.3,19.8,22,Monthly,1
496,30.0,67.2,17.8,18,Monthly,0
497,33.2,55.1,38.2,16,Annual,1
498,10.5,65.3,12.1,2,Monthly,1
499,11.9,76.7,22.1,20,Monthly,0
500,17.0,75.2,18.4,16,Annual,0
501,17.4,67.9,20.8,3,Monthly,1
502,13.4,73.8,18.5,30,Monthly,1
503,9.4,73.0,3.0,2,Free Trial,0
504,14.4,60.0,8.7,35,Monthly,0
505,33.2,50.9,21.4,26,Monthly,1
506,11.0,76.2,20.6,5,Annual,0
507,16.4,66.2,8.7,2,Monthly,0
508,43.8,49.0,30.0,20,Free Trial,1
509,11.0,69.0,18.2,34,Monthly,1
510,20.5,60.9,18.8,34,Free Trial,0
511,33.8,58.2,25.7,20,Monthly,0
512,19.7,66.1,14.8,25,Monthly,0
513,24.9,56.3,3.9,20,Monthly,1
514,21.9,70.6,10.2,25,Annual,0
515,18.9,59.5,31.2,14,Monthly,1
516,28.0,51.0,23.3,12,Monthly,0
517,20.2,41.2,9.7,5,Free Trial,1
518,13.4,65.5,6.7,2,Monthly,0
519,15.8,78.2,16.5,16,Annual,0
520,17.7,49.5,25.9,30,Free Trial,1
521,11.9,63.7,12.8,24,Monthly,1
522,16.2,71.0,9.4,30,Monthly,0
523,15.0,50.5,8.5,11,Free Trial,1
524,20.2,59.7,24.5,14,Monthly,1
525,38.3,56.7,39.6,23,Free Trial,1
526,16.7,83.3,23.8,16,Annual,1
527,30.4,57.0,17.6,21,Monthly,1
528,19.8,56.7,34.2,4,Monthly,1
529,16.1,59.8,18.4,33,Monthly,0
530,11.5,72.8,12.7,14,Free Trial,0
531,16.2,69.7,24.1,19,Monthly,0
532,15.7,82.7,7.0,5,Monthly,0
533,9.9,80.8,0.0,31,Free Trial,0
534,10.8,73.0,18.4,18,Annual,0
535,17.7,63.3,21.9,31,Free Trial,1
536,30.2,78.9,17.7,30,Annual,1
537,14.2,74.3,19.1,21,Monthly,0
538,6.1,71.1,17.5,30,Free Trial,0
539,3.4,77.1,0.0,4,Monthly,1
540,8.2,67.6,12.4,5,Monthly,1
541,20.8,44.1,5.7,10,Monthly,0
542,6.9,78.3,7.2,27,Monthly,0
543,22.4,76.1,14.1,16,Free Trial,0
544,20.2,50.7,28.3,30,Annual,0
545,13.9,69.9,5.0,13,Monthly,0
546,10.0,67.4,9.5,21,Free Trial,0
547,12.9,74.6,0.0,15,Annual,0
548,17.5,64.8,23.2,20,Monthly,1
549,7.0,64.8,11.6,20,Free Trial,0
550,28.7,48.3,30.1,5,Monthly,1
551,17.5,59.7,6.3,32,Monthly,0
552,18.5,76.1,18.9,6,Free Trial,0
553,20.2,74.2,31.7,30,Monthly,0
554,27.4,54.9,24.9,26,Annual,1
555,16.2,77.2,19.6,13,Free Trial,0
556,20.8,61.9,13.0,29,Monthly,0
557,10.1,70.3,11.8,5,Monthly,0
558,33.2,52.5,16.7,25,Monthly,1
559,15.7,70.2,22.7,13,Annual,1
560,10.0,68.5,14.4,24,Monthly,0
561,11.5,71.8,1.8,31,Free Trial,1
562,4.4,84.3,0.0,20,Monthly,0
563,11.5,72.7,13.0,8,Free Trial,1
564,2.8,79.8,13.9,9,Monthly,0
565,21.5,66.6,33.2,21,Free Trial,1
566,18.2,71.0,15.5,20,Monthly,0
567,8.4,73.9,0.0,15,Monthly,0
568,14.3,65.3,18.4,26,Monthly,1
569,14.6,70.3,31.0,11,Monthly,1
570,7.5,62.5,0.0,11,Free Trial,0
571,13.0,68.6,6.0,27,Annual,0
572,14.9,48.8,27.0,30,Monthly,0
573,12.9,57.0,19.3,19,Annual,1
574,10.0,58.4,11.1,34,Monthly,0
575,8.3,82.9,9.6,23,Monthly,0
576,12.6,70.8,22.5,1,Free Trial,1
577,10.7,62.3,14.3,3,Monthly,0
578,19.5,68.4,16.5,3,Monthly,1
579,28.2,64.5,29.5,28,Monthly,0
580,22.9,65.4,18.6,14,Monthly,1
581,15.1,66.9,26.5,30,Monthly,1
582,10.2,74.6,29.5,5,Monthly,0
583,22.6,68.8,11.8,15,Free Trial,1
584,20.1,60.2,9.7,14,Free Trial,0
585,27.2,57.7,29.0,14,Monthly,1
586,16.2,65.3,5.8,8,Free Trial,0
587,32.4,39.9,22.1,8,Monthly,1
588,16.2,74.7,0.0,19,Free Trial,0
589,10.2,89.3,3.4,32,Free Trial,0
590,11.3,64.9,14.4,31,Monthly,0
591,19.0,72.6,12.1,29,Monthly,0
592,10.7,65.6,26.7,11,Annual,0
593,32.3,54.0,41.4,13,Monthly,1
594,18.3,77.6,32.1,27,Annual,0
595,15.0,64.4,17.3,19,Monthly,0
596,15.6,67.8,26.9,26,Annual,0
597,12.8,56.1,21.0,9,Annual,1
598,5.2,72.0,11.2,28,Monthly,1
599,11.3,56.6,13.0,32,Monthly,1
600,30.3,58.1,6.9,3,Free Trial,1
601,16.5,73.8,20.6,32,Free Trial,1
602,24.2,58.4,34.2,5,Annual,1
603,24.6,62.2,9.1,8,Annual,1
604,14.4,66.5,15.9,14,Monthly,0
605,20.3,69.7,27.2,3,Annual,0
606,5.6,78.0,4.4,24,Annual,0
607,29.1,39.9,42.8,13,Monthly,1
608,28.0,64.3,22.8,29,Monthly,0
609,18.8,62.0,15.0,8,Monthly,1
610,16.8,56.8,31.4,31,Monthly,1
611,14.5,65.5,7.9,26,Free Trial,0
612,25.6,43.7,22.4,18,Monthly,0
613,21.4,52.7,15.9,18,Monthly,1
614,1.9,81.5,0.0,7,Monthly,1
615,12.1,73.0,14.1,16,Annual,1
616,7.7,77.6,4.3,33,Monthly,0
617,6.8,75.9,13.4,3,Free Trial,0
618,25.5,53.5,10.3,4,Annual,1
619,14.3,68.7,5.2,4,Monthly,1
620,18.6,61.7,20.2,9,Free Trial,0
621,15.3,55.3,33.0,17,Monthly,1
622,6.9,69.6,14.3,17,Monthly,0
623,5.7,84.0,0.6,33,Annual,0
624,11.6,84.2,0.0,20,Monthly,0
625,12.2,76.3,6.0,14,Free Trial,0
626,12.2,83.4,9.3,22,Monthly,0
627,12.3,71.6,0.0,27,Annual,0
628,37.0,62.6,18.7,3,Monthly,1
629,24.1,76.8,11.6,24,Annual,0
630,16.6,53.2,18.8,30,Monthly,0
631,14.1,71.1,14.0,8,Annual,0
632,14.4,69.7,9.5,22,Monthly,0
633,21.0,59.7,26.2,25,Monthly,1
634,14.1,73.3,14.9,10,Monthly,0
635,22.9,61.8,18.7,29,Annual,1
636,17.5,60.4,25.3,1,Monthly,1
637,37.2,48.3,39.0,21,Annual,1
638,13.6,79.4,0.0,24,Monthly,1
639,24.9,61.1,23.1,9,Free Trial,1
640,8.1,79.8,16.5,26,Monthly,0
641,10.4,70.4,22.1,9,Monthly,0
642,34.8,54.3,34.2,20,Monthly,1
643,22.4,52.2,22.6,35,Monthly,0
644,18.8,61.1,23.8,9,Monthly,0
645,41.9,43.5,45.2,22,Annual,1
646,14.2,59.0,19.2,1,Free Trial,0
647,24.9,53.0,27.8,5,Monthly,1
648,25.8,61.3,21.5,9,Annual,1
649,31.1,55.1,16.5,19,Monthly,1
650,7.5,81.7,6.1,8,Monthly,0
651,14.2,64.4,10.4,32,Monthly,0
652,17.3,66.9,11.4,13,Monthly,0
653,30.8,48.9,43.2,20,Free Trial,1
654,18.4,71.1,25.4,30,Monthly,1
655,25.8,68.3,6.5,10,Annual,1
656,7.1,79.4,0.0,31,Monthly,0
657,12.5,79.2,7.8,25,Free Trial,0
658,27.9,57.1,20.5,29,Monthly,0
659,13.4,76.4,15.3,24,Monthly,0
660,14.8,69.3,4.2,21,Free Trial,0
661,30.6,46.3,39.6,9,Annual,1
662,9.1,75.8,9.9,2,Free Trial,1
663,10.3,64.8,11.2,4,Annual,0
664,6.7,94.7,3.1,8,Monthly,0
665,31.2,51.3,26.0,32,Monthly,1
666,23.8,65.7,3.1,14,Monthly,0
667,23.5,60.7,22.8,13,Monthly,0
668,12.3,61.0,13.6,21,Monthly,1
669,6.4,61.1,4.6,24,Annual,0
670,5.3,83.2,15.8,18,Monthly,0
671,28.0,69.2,28.7,26,Monthly,1
672,19.4,58.6,43.0,32,Annual,1
673,21.3,49.6,32.3,33,Monthly,1
674,16.9,64.2,12.3,31,Free Trial,0
675,9.6,65.8,5.4,18,Free Trial,0
676,12.6,65.4,10.9,35,Monthly,0
677,8.3,79.4,2.8,12,Annual,0
678,7.7,74.6,10.8,25,Monthly,0
679,22.9,54.8,10.3,31,Annual,0
680,5.6,81.6,12.4,10,Monthly,0
681,8.4,79.8,9.5,34,Monthly,0
682,13.0,67.6,19.7,3,Free Trial,1
683,15.5,69.2,5.5,8,Annual,0
684,6.6,80.2,9.8,32,Free Trial,0
685,5.5,80.4,18.6,29,Monthly,0
686,18.3,65.8,10.6,22,Monthly,0
687,16.4,78.7,5.5,20,Monthly,0
688,27.8,61.6,31.2,6,Monthly,1
689,15.6,64.3,8.6,29,Free Trial,0
690,19.2,61.1,18.1,17,Annual,0
691,9.9,68.6,26.2,31,Monthly,1
692,10.2,77.9,2.3,34,Monthly,0
693,7.1,70.7,24.6,4,Monthly,1
694,10.0,69.6,9.6,2,Monthly,0
695,12.5,79.2,1.0,12,Annual,1
696,26.4,59.7,30.1,35,Free Trial,0
697,9.2,83.3,9.0,6,Free Trial,1
698,38.0,54.2,32.8,8,Free Trial,1
699,20.1,54.5,15.8,21,Annual,0
700,18.1,64.9,19.4,35,Annual,0
701,15.0,76.4,0.0,15,Monthly,1
702,13.6,60.0,19.4,7,Monthly,1
703,10.8,75.6,22.9,15,Free Trial,0
704,6.5,75.9,0.0,6,Free Trial,0
705,9.3,59.6,11.6,17,Monthly,0
706,31.1,54.9,20.8,4,Free Trial,0
707,19.5,57.8,7.8,22,Monthly,0
708,31.0,44.8,13.2,32,Monthly,1
709,10.6,72.5,1.5,22,Monthly,0
710,8.2,59.2,12.6,27,Monthly,0
711,14.9,63.2,27.6,15,Monthly,1
712,9.5,93.8,0.0,22,Monthly,0
713,16.5,72.3,18.0,28,Free Trial,0
714,5.7,69.8,12.2,9,Monthly,1
715,4.1,89.6,18.4,34,Free Trial,0
716,17.7,58.1,25.5,9,Free Trial,1
717,31.6,49.2,36.3,15,Monthly,1
718,18.1,56.5,27.3,20,Annual,1
719,19.4,66.6,10.4,8,Free Trial,0
720,15.3,79.2,7.5,28,Free Trial,0
721,16.0,59.6,29.0,19,Free Trial,1
722,6.3,59.9,0.0,16,Monthly,0
723,9.7,82.0,2.6,11,Monthly,0
724,26.3,70.7,9.3,8,Free Trial,1
725,7.8,59.0,16.7,33,Annual,0
726,12.4,74.5,8.6,10,Monthly,1
727,26.1,60.4,29.9,18,Monthly,0
728,15.8,61.5,17.2,35,Monthly,0
729,16.2,56.3,6.1,3,Monthly,1
730,12.4,78.8,0.0,27,Monthly,0
731,20.8,64.7,20.0,28,Monthly,0
732,23.3,63.1,14.9,6,Free Trial,1
733,9.4,68.5,7.8,14,Monthly,0
734,6.7,69.6,19.2,7,Monthly,0
735,4.6,58.2,19.9,10,Free Trial,0
736,18.9,63.2,35.6,15,Monthly,0
737,17.8,77.4,11.7,31,Free Trial,0
738,43.2,36.0,35.2,29,Annual,1
739,15.3,56.0,23.4,17,Free Trial,0
740,13.9,73.0,8.7,29,Annual,1
741,16.8,71.8,10.9,15,Monthly,0
742,17.3,61.8,17.1,26,Annual,0
743,13.4,67.2,30.1,12,Monthly,1
744,9.6,75.5,17.0,25,Annual,0
745,14.9,67.4,23.3,5,Free Trial,0
746,14.6,76.9,27.4,4,Monthly,1
747,14.5,88.5,17.5,31,Free Trial,0
748,21.9,48.6,15.2,3,Monthly,1
749,14.7,78.6,20.5,3,Monthly,1
750,6.7,76.8,17.8,26,Monthly,1
751,10.5,83.7,14.5,17,Monthly,0
752,13.3,75.8,10.8,10,Free Trial,1
753,15.1,68.9,20.6,2,Monthly,0
754,19.1,70.9,17.1,24,Monthly,0
755,15.2,65.2,8.0,11,Free Trial,0
756,4.1,72.1,2.1,24,Annual,0
757,7.2,82.0,13.7,35,Annual,1
758,19.8,57.5,13.5,23,Annual,0
759,13.1,75.4,5.3,32,Annual,0
760,15.8,68.0,23.1,23,Free Trial,0
761,12.2,52.4,20.2,34,Annual,1
762,10.5,68.0,18.5,19,Monthly,0
763,12.5,73.5,1.8,2,Free Trial,0
764,15.9,64.4,22.4,2,Annual,1
765,14.7,48.4,15.6,15,Free Trial,0
766,23.2,71.7,10.1,21,Monthly,0
767,6.0,78.0,3.3,35,Free Trial,0
768,6.5,79.7,19.9,5,Monthly,0
769,13.0,66.5,11.9,27,Monthly,1
770,19.2,69.0,37.7,24,Monthly,1
771,21.3,77.5,0.0,7,Free Trial,0
772,10.7,66.5,0.0,6,Monthly,1
773,2.4,93.2,13.3,33,Monthly,0
774,10.9,75.4,25.5,17,Monthly,1
775,17.9,59.0,12.4,30,Annual,0
776,14.5,86.6,10.6,8,Monthly,0
777,19.6,67.5,24.9,7,Annual,0
778,25.9,64.1,20.9,6,Free Trial,1
779,13.5,67.7,16.5,4,Monthly,1
780,11.5,65.3,14.9,1,Free Trial,0
781,8.9,75.4,0.0,15,Monthly,1
782,6.5,88.8,1.8,31,Free Trial,0
783,5.5,74.6,8.7,25,Monthly,0
784,10.1,72.7,12.7,33,Monthly,1
785,24.2,71.9,4.1,35,Free Trial,0
786,20.5,61.2,27.7,5,Monthly,1
787,11.2,76.0,12.6,5,Annual,0
788,38.2,54.7,23.1,17,Free Trial,1
789,10.5,71.0,28.7,14,Monthly,1
790,27.1,60.1,21.7,29,Monthly,0
791,30.2,60.1,24.0,8,Monthly,1
792,18.5,62.2,25.3,34,Annual,0
793,10.1,79.5,26.7,1,Annual,1
794,12.0,66.8,20.7,29,Monthly,1
795,16.1,62.1,25.7,29,Monthly,0
796,6.6,63.9,3.4,5,Monthly,0
797,8.4,70.4,12.3,32,Monthly,1
798,8.0,68.3,7.1,24,Monthly,0
799,19.2,61.5,26.4,19,Annual,1
800,25.8,63.7,30.2,12,Monthly,1
801,20.9,49.4,39.4,1,Free Trial,1
802,23.7,44.9,8.1,7,Free Trial,1
803,9.6,67.4,7.4,17,Annual,1
804,12.3,74.6,24.1,34,Free Trial,1
805,12.8,72.8,0.6,7,Monthly,0
806,18.4,59.3,27.6,17,Free Trial,1
807,10.3,82.1,19.2,3,Free Trial,0
808,23.0,56.0,23.6,29,Free Trial,0
809,29.8,58.9,13.9,22,Monthly,1
810,18.9,62.1,18.7,29,Free Trial,0
811,12.0,64.2,28.5,5,Monthly,1
812,9.1,68.9,26.2,30,Monthly,1
813,8.0,80.6,10.1,23,Monthly,1
814,4.2,81.1,0.0,21,Monthly,1
815,13.0,78.0,27.4,26,Monthly,0
816,12.6,73.5,20.3,21,Monthly,0
817,22.3,49.0,17.3,20,Monthly,0
818,10.6,89.3,10.1,23,Monthly,0
819,13.4,72.9,16.2,4,Annual,0
820,16.9,70.9,10.3,21,Monthly,0
821,18.8,62.1,22.8,21,Monthly,0
822,21.0,72.0,27.9,1,Monthly,1
823,16.1,58.8,16.6,15,Monthly,1
824,6.8,80.8,18.4,17,Free Trial,0
825,17.9,49.2,7.3,14,Monthly,1
826,10.2,78.2,30.1,19,Monthly,1
827,26.3,49.7,28.1,34,Monthly,0
828,14.8,70.9,24.6,6,Annual,0
829,16.6,77.9,15.7,6,Monthly,1
830,45.0,48.1,30.9,5,Monthly,1
831,21.2,72.7,17.5,7,Annual,0
832,17.8,75.0,0.0,33,Monthly,0
833,13.6,65.5,22.0,13,Annual,1
834,7.1,80.4,9.6,1,Annual,0
835,13.1,56.4,16.6,13,Annual,0
836,9.1,68.3,19.3,27,Free Trial,0
837,31.5,64.8,26.3,7,Monthly,0
838,17.9,62.8,24.5,3,Monthly,0
839,25.9,43.8,37.8,25,Monthly,1
840,10.5,88.7,2.2,33,Monthly,0
841,9.4,78.0,2.3,17,Free Trial,0
842,20.2,69.9,2.6,14,Monthly,0
843,8.9,66.2,14.1,23,Monthly,0
844,11.6,73.9,16.3,24,Monthly,0
845,32.3,55.0,17.3,29,Free Trial,0
846,11.8,64.8,27.8,27,Free Trial,1
847,6.3,75.0,1.5,23,Free Trial,0
848,4.9,65.6,0.0,31,Monthly,0
849,5.8,74.0,22.4,17,Monthly,0
850,26.6,65.8,5.1,3,Free Trial,1
851,10.8,66.3,22.8,5,Free Trial,0
852,44.3,57.4,41.6,15,Monthly,1
853,29.9,43.6,34.3,6,Monthly,1
854,36.0,47.5,28.9,10,Annual,0
855,24.0,55.2,29.2,32,Monthly,0
856,19.7,62.8,29.4,23,Annual,0
857,9.2,84.6,0.0,17,Monthly,0
858,14.6,60.9,26.6,20,Monthly,1
859,20.7,59.8,29.8,15,Monthly,0
860,23.3,66.3,23.5,22,Free Trial,1
861,7.5,76.0,4.5,6,Free Trial,0
862,13.2,71.5,22.2,4,Free Trial,0
863,14.0,61.6,21.8,23,Monthly,1
864,13.8,69.0,5.7,19,Free Trial,0
865,8.1,83.7,4.1,31,Free Trial,0
866,33.9,38.6,42.5,3,Monthly,1
867,13.0,64.7,16.8,28,Annual,0
868,8.5,59.8,24.5,3,Free Trial,0
869,34.4,55.4,27.2,14,Monthly,1
870,29.9,64.9,16.0,18,Free Trial,1
871,15.8,66.3,36.5,27,Annual,0
872,4.9,69.6,0.0,10,Monthly,0
873,11.4,63.9,10.6,15,Annual,1
874,5.5,74.6,11.2,19,Monthly,0
875,19.0,62.5,28.5,9,Annual,0
876,11.0,79.4,16.0,4,Free Trial,1
877,14.5,63.6,37.7,15,Monthly,1
878,32.9,55.9,28.2,8,Free Trial,0
879,10.5,70.1,4.9,1,Monthly,1
880,18.6,59.3,18.4,7,Annual,0
881,21.4,60.1,18.8,31,Monthly,0
882,26.2,61.1,23.5,18,Monthly,1
883,13.9,76.8,3.8,12,Annual,1
884,13.2,68.1,21.9,30,Monthly,1
885,13.0,60.7,20.3,33,Annual,1
886,17.7,74.1,4.1,7,Free Trial,1
887,29.3,48.4,38.3,28,Annual,1
888,12.7,72.7,5.9,3,Free Trial,1
889,2.8,79.3,0.0,6,Monthly,0
890,22.5,60.5,23.0,31,Monthly,0
891,15.2,64.4,1.2,15,Monthly,0
892,19.0,69.9,22.8,7,Monthly,0
893,5.7,48.3,0.0,30,Monthly,0
894,11.0,81.2,0.4,27,Annual,1
895,21.6,55.2,37.5,17,Annual,1
896,7.0,79.0,2.0,18,Annual,0
897,18.5,68.2,13.1,22,Annual,0
898,14.4,79.2,23.6,26,Monthly,0
899,9.7,74.8,3.8,27,Annual,0
900,9.3,67.0,19.9,24,Annual,0
901,8.2,61.8,24.5,8,Monthly,0
902,15.1,65.6,21.0,21,Monthly,1
903,16.1,51.9,8.3,29,Annual,0
904,12.0,66.1,9.3,21,Monthly,0
905,7.9,72.6,35.0,3,Monthly,1
906,18.3,60.0,15.6,31,Free Trial,1
907,22.7,61.9,48.8,27,Annual,0
908,19.9,62.2,35.7,27,Annual,0
909,36.7,46.3,39.0,9,Monthly,1
910,13.3,50.6,22.8,33,Free Trial,1
911,27.9,46.5,25.2,33,Monthly,0
912,10.3,77.9,9.5,26,Monthly,0
913,9.4,80.0,2.9,28,Monthly,1
914,15.6,53.2,20.1,31,Monthly,1
915,31.0,47.6,18.5,1,Annual,1
916,12.5,79.3,0.0,20,Monthly,1
917,5.7,71.2,21.5,12,Monthly,1
918,22.5,60.8,7.6,17,Annual,0
919,14.1,80.9,19.5,15,Monthly,0
920,17.1,63.7,1.2,34,Free Trial,0
921,9.6,69.3,18.2,16,Monthly,0
922,15.6,66.7,14.7,4,Monthly,0
923,6.2,91.3,15.9,8,Annual,0
924,34.2,54.8,27.4,34,Annual,1
925,24.6,60.0,5.4,25,Monthly,0
926,15.2,64.1,15.4,15,Free Trial,0
927,22.2,66.3,21.8,28,Free Trial,0
928,10.3,78.0,9.0,9,Monthly,0
929,24.1,51.8,30.9,2,Monthly,1
930,12.2,76.5,6.7,17,Monthly,1
931,11.8,70.2,2.1,10,Monthly,0
932,8.5,74.5,1.3,9,Annual,0
933,18.2,58.6,15.8,31,Annual,0
934,14.9,65.4,11.8,2,Free Trial,0
935,28.4,48.2,50.8,24,Monthly,1
936,7.9,66.2,23.8,19,Monthly,0
937,18.2,68.6,23.6,17,Free Trial,0
938,25.8,56.0,29.4,10,Monthly,1
939,44.8,31.3,45.9,28,Free Trial,1
940,16.2,84.8,14.2,28,Monthly,0
941,12.1,62.1,17.5,1,Monthly,1
942,16.0,76.3,14.3,3,Monthly,0
943,27.3,45.7,10.5,15,Monthly,0
944,27.2,61.1,21.3,10,Monthly,1
945,13.8,67.6,13.1,21,Free Trial,1
946,27.0,52.7,20.3,15,Monthly,1
947,14.5,70.5,9.8,23,Monthly,1
948,22.1,62.6,24.1,14,Monthly,0
949,19.3,58.2,28.1,15,Annual,1
950,11.9,64.5,17.9,10,Monthly,1
951,8.7,61.6,21.0,9,Monthly,1
952,26.1,61.0,30.9,5,Monthly,1
953,29.7,45.3,28.0,25,Annual,1
954,18.0,65.8,22.9,26,Annual,0
955,14.5,73.7,0.0,8,Free Trial,0
956,7.4,77.0,5.5,22,Monthly,0
957,25.8,53.0,21.8,25,Free Trial,0
958,16.9,74.0,28.9,12,Annual,0
959,12.8,67.2,17.9,9,Monthly,1
960,22.4,51.2,13.0,10,Annual,0
961,6.6,73.8,14.8,10,Monthly,1
962,8.3,79.3,17.0,9,Monthly,1
963,10.1,67.5,12.5,26,Annual,0
964,19.0,72.0,23.1,35,Annual,1
965,16.1,61.4,0.0,27,Free Trial,0
966,20.1,58.8,0.0,31,Monthly,0
967,24.9,51.2,15.7,19,Monthly,1
968,20.4,69.1,19.9,6,Monthly,1
969,34.6,50.5,45.7,15,Monthly,1
970,24.9,51.8,16.0,29,Monthly,0
971,13.8,66.4,8.0,5,Monthly,0
972,10.9,47.6,20.5,14,Free Trial,1
973,14.0,75.6,8.6,2,Monthly,1
974,20.8,61.9,15.9,23,Monthly,0
975,11.6,52.3,14.9,19,Monthly,1
976,21.1,51.4,36.0,24,Monthly,1
977,19.9,60.7,30.8,20,Free Trial,1
978,8.6,63.7,13.8,27,Monthly,0
979,24.7,66.2,36.6,24,Monthly,0
980,17.7,69.5,21.5,17,Monthly,0
981,33.7,54.5,40.6,25,Monthly,1
982,14.5,48.1,13.8,31,Monthly,0
983,12.5,66.6,9.0,28,Free Trial,0
984,8.0,69.2,5.6,28,Annual,0
985,7.9,67.2,11.4,22,Annual,0
986,23.2,57.8,24.0,5,Free Trial,1
987,32.1,44.1,35.3,8,Monthly,1
988,13.9,71.2,32.0,28,Monthly,1
989,13.4,76.1,19.0,12,Monthly,0
990,15.2,73.8,9.6,25,Monthly,0
991,25.5,58.0,24.6,15,Monthly,0
992,8.6,90.2,19.2,34,Free Trial,0
993,16.6,76.2,21.3,13,Annual,0
994,23.5,60.1,36.3,8,Monthly,0
995,18.8,61.2,15.7,13,Monthly,1
996,2.2,90.7,0.0,6,Monthly,0
997,20.5,71.6,11.5,32,Free Trial,1
998,18.9,53.7,18.7,21,Monthly,0
999,27.9,65.6,14.1,7,Monthly,1
1000,30.8,53.0,31.7,26,Monthly,1
1001,27.2,50.6,30.6,15,Monthly,1
1002,15.3,52.4,32.7,23,Free Trial,0
1003,5.5,74.9,0.0,15,Free Trial,1
1004,38.4,47.4,26.4,16,Free Trial,1
1005,13.4,82.7,17.8,32,Annual,0
1006,15.0,76.2,15.1,18,Free Trial,1
1007,31.9,48.7,31.3,20,Free Trial,1
1008,9.7,76.4,21.8,2,Annual,1
1009,6.7,82.6,0.0,23,Monthly,0
1010,11.6,72.2,6.2,30,Monthly,0
1011,10.0,68.3,5.4,3,Free Trial,0
1012,6.3,72.1,0.0,1,Monthly,0
1013,14.0,72.4,15.2,22,Free Trial,0
1014,15.3,71.5,10.3,29,Monthly,1
1015,6.1,74.2,2.5,14,Annual,1
1016,12.4,49.9,11.7,28,Monthly,0
1017,9.6,63.0,14.2,21,Free Trial,0
1018,4.5,82.9,0.0,32,Monthly,1
1019,15.6,50.9,23.3,6,Monthly,1
1020,16.4,76.7,18.1,1,Monthly,0
1021,9.6,81.6,6.2,21,Monthly,0
1022,24.5,60.2,20.2,4,Monthly,1
1023,14.8,73.4,15.8,3,Monthly,0
1024,9.9,77.3,10.0,30,Annual,0
1025,5.9,75.8,20.5,31,Annual,0
1026,16.8,55.9,23.3,34,Monthly,0
1027,18.9,72.7,26.5,19,Monthly,1
1028,11.3,83.1,14.8,20,Free Trial,0
1029,15.8,58.1,7.4,23,Monthly,1
1030,30.8,43.0,27.0,25,Free Trial,0
1031,22.7,60.5,21.9,15,Monthly,1
1032,3.6,73.8,15.7,23,Monthly,0
1033,9.8,74.3,28.5,2,Monthly,0
1034,13.7,79.3,7.4,15,Annual,1
1035,15.3,50.3,21.8,35,Monthly,0
1036,16.0,80.3,19.9,10,Monthly,1
1037,18.3,62.3,18.9,14,Monthly,1
1038,13.9,73.6,28.4,27,Annual,1
1039,14.8,73.6,1.9,14,Free Trial,0
1040,23.2,67.0,26.8,35,Monthly,0
1041,17.0,67.2,23.2,33,Monthly,1
1042,7.5,77.6,19.2,1,Annual,1
1043,15.5,70.3,16.0,34,Monthly,0
1044,13.7,64.6,24.2,19,Monthly,1
1045,4.5,63.9,9.0,24,Annual,0
1046,15.9,57.9,12.2,4,Annual,0
1047,8.1,73.9,1.8,13,Monthly,0
1048,23.4,54.6,11.5,32,Free Trial,0
1049,18.2,59.4,16.2,9,Monthly,1
1050,7.3,89.8,7.9,16,Monthly,0
1051,22.9,68.3,18.2,3,Monthly,1
1052,28.1,54.7,28.9,20,Monthly,1
1053,12.8,75.8,23.4,10,Free Trial,1
1054,13.7,66.3,11.0,22,Monthly,0
1055,21.8,63.3,42.1,3,Monthly,1
1056,27.1,61.1,31.4,11,Free Trial,1
1057,5.3,73.9,6.9,25,Monthly,0
1058,7.8,69.5,9.5,8,Monthly,0
1059,11.7,81.2,1.0,9,Monthly,0
1060,12.4,75.7,11.9,15,Free Trial,0
1061,21.5,44.6,7.0,32,Free Trial,0
1062,27.2,52.2,38.6,3,Monthly,1
1063,28.2,50.4,3.0,4,Monthly,1
1064,5.2,72.4,9.5,30,Monthly,0
1065,9.3,80.5,0.0,13,Free Trial,0
1066,7.1,75.8,2.9,21,Monthly,0
1067,10.6,61.4,10.3,19,Annual,0
1068,9.3,70.6,29.3,22,Free Trial,0
1069,18.2,70.0,7.1,20,Monthly,1
1070,19.3,62.9,27.9,31,Monthly,0
1071,14.7,63.6,27.5,10,Free Trial,1
1072,14.0,72.0,0.0,18,Free Trial,0
1073,12.0,84.1,3.8,20,Monthly,0
1074,12.8,74.2,26.1,18,Free Trial,0
1075,30.6,64.8,13.6,11,Free Trial,0
1076,20.7,58.8,32.5,22,Monthly,1
1077,12.3,70.9,13.3,18,Free Trial,0
1078,13.9,69.3,14.3,34,Monthly,1
1079,18.4,66.4,18.8,23,Free Trial,1
1080,7.3,79.0,11.4,1,Monthly,0
1081,15.8,60.4,10.0,10,Monthly,0
1082,20.1,69.1,16.0,1,Monthly,1
1083,18.8,52.0,26.1,9,Monthly,1
1084,9.4,62.8,15.9,31,Free Trial,1
1085,10.4,89.7,10.0,7,Monthly,1
1086,4.1,74.2,1.5,17,Free Trial,1
1087,21.2,68.8,24.7,35,Free Trial,0
1088,37.0,62.3,30.8,18,Monthly,1
1089,8.7,55.7,1.9,33,Annual,0
1090,24.8,68.7,16.3,4,Monthly,1
1091,35.4,55.4,22.8,23,Free Trial,0
1092,11.4,84.9,0.6,11,Annual,0
1093,13.9,60.1,13.3,9,Free Trial,0
1094,16.7,78.6,19.1,30,Annual,0
1095,18.5,59.4,14.7,8,Monthly,1
1096,17.2,75.0,17.0,5,Monthly,0
1097,11.9,71.0,13.8,12,Monthly,0
1098,20.0,70.2,10.9,1,Annual,0
1099,12.0,71.6,10.0,15,Annual,0
1100,17.7,51.3,30.2,25,Monthly,0
1101,14.4,44.0,24.1,18,Monthly,1
1102,4.8,79.3,11.8,26,Monthly,0
1103,26.6,55.9,37.3,3,Monthly,1
1104,10.6,75.7,15.0,22,Annual,0
1105,27.9,54.9,9.6,26,Free Trial,1
1106,24.3,76.2,20.9,19,Monthly,0
1107,16.4,69.0,10.8,21,Annual,0
1108,19.0,61.3,36.4,26,Annual,1
1109,20.2,66.5,22.7,13,Free Trial,1
1110,13.2,66.7,9.9,24,Free Trial,0
1111,13.5,70.6,19.4,26,Annual,1
1112,19.7,54.5,23.3,21,Monthly,1
1113,14.5,68.9,0.0,18,Monthly,0
1114,11.9,67.5,22.1,15,Free Trial,0
1115,9.5,64.5,10.2,15,Annual,0
1116,18.0,81.6,26.2,6,Free Trial,1
1117,10.4,64.0,13.4,31,Free Trial,0
1118,22.3,62.0,34.6,28,Free Trial,1
1119,23.2,54.7,28.2,8,Annual,1
1120,19.0,67.3,27.0,29,Monthly,1
1121,21.0,52.9,19.2,21,Monthly,1
1122,19.0,71.6,20.1,17,Monthly,0
1123,21.7,78.8,0.8,24,Annual,0
1124,21.2,56.2,21.7,31,Monthly,1
1125,17.5,76.0,1.5,34,Monthly,0
1126,24.5,56.9,14.1,2,Annual,1
1127,13.5,81.9,2.8,3,Monthly,0
1128,9.7,90.8,12.0,30,Monthly,0
1129,9.4,71.7,10.3,8,Annual,0
1130,12.4,58.6,17.5,7,Monthly,0
1131,4.4,85.6,3.2,12,Monthly,1
1132,16.4,69.1,26.0,19,Free Trial,0
1133,20.3,67.7,18.9,26,Monthly,1
1134,23.1,58.5,25.4,28,Monthly,1
1135,5.5,70.0,4.9,15,Free Trial,1
1136,9.6,82.7,18.8,14,Annual,1
1137,22.0,64.8,31.7,14,Monthly,0
1138,13.2,58.5,17.4,3,Monthly,1
1139,20.1,69.4,13.0,29,Monthly,0
1140,7.1,79.5,0.0,6,Monthly,1
1141,27.8,54.4,19.1,23,Free Trial,1
1142,6.8,88.9,0.0,28,Monthly,0
1143,1.6,75.6,0.0,14,Free Trial,0
1144,16.1,66.1,20.2,14,Free Trial,1
1145,16.3,73.5,14.5,20,Free Trial,1
1146,11.2,72.5,33.3,13,Free Trial,1
1147,18.6,54.2,18.7,27,Monthly,0
1148,18.9,66.5,14.4,35,Monthly,0
1149,17.9,62.6,28.6,2,Annual,1
1150,11.1,78.9,0.0,24,Monthly,0
1151,10.0,74.2,0.0,29,Monthly,0
1152,11.7,72.2,18.8,3,Monthly,1
1153,9.2,65.3,11.7,4,Monthly,0
1154,25.0,57.6,22.9,2,Monthly,1
1155,12.3,78.7,2.7,20,Monthly,0
1156,15.9,61.5,20.4,15,Free Trial,1
1157,21.9,62.0,14.2,32,Monthly,0
1158,9.0,66.4,13.7,1,Monthly,1
1159,6.6,66.6,1.2,35,Monthly,0
1160,9.2,73.0,9.5,7,Annual,0
1161,16.8,68.3,35.0,13,Free Trial,0
1162,16.2,83.4,8.1,1,Free Trial,0
1163,17.9,62.3,18.0,14,Monthly,1
1164,13.9,69.1,13.1,29,Annual,1
1165,2.8,69.5,10.3,3,Monthly,1
1166,13.7,74.6,17.3,24,Monthly,0
1167,23.4,64.1,23.9,1,Free Trial,0
1168,26.3,70.2,23.9,10,Monthly,1
1169,15.4,77.1,11.7,13,Monthly,0
1170,16.2,70.2,16.8,9,Annual,0
1171,19.9,60.3,18.9,14,Free Trial,0
1172,26.0,60.3,7.9,10,Monthly,0
1173,14.7,67.9,39.4,23,Monthly,1
1174,19.8,71.8,23.9,35,Free Trial,0
1175,10.8,78.9,1.5,7,Monthly,0
1176,7.2,73.2,12.1,35,Monthly,0
1177,11.5,60.0,4.2,2,Monthly,0
1178,28.8,66.7,19.4,15,Annual,0
1179,20.0,68.7,5.0,9,Monthly,0
1180,7.6,72.6,9.9,17,Annual,0
1181,20.4,68.0,4.6,18,Annual,0
1182,7.9,75.5,13.2,15,Monthly,0
1183,17.7,76.6,20.9,18,Free Trial,1
1184,8.8,58.7,7.8,24,Annual,0
1185,7.3,72.2,11.8,23,Monthly,0
1186,31.2,66.7,17.2,12,Free Trial,1
1187,12.3,75.4,16.7,23,Monthly,0
1188,19.8,78.4,9.2,21,Monthly,0
1189,15.0,58.7,25.7,26,Annual,1
1190,8.3,83.2,0.0,8,Annual,0
1191,13.0,78.4,2.6,30,Annual,1
1192,8.3,61.1,4.3,34,Monthly,0
1193,42.0,41.8,40.4,2,Monthly,1
1194,21.5,61.8,26.3,5,Free Trial,1
1195,14.8,55.7,22.0,31,Free Trial,1
1196,19.3,62.5,15.3,33,Free Trial,0
1197,20.9,70.2,0.0,4,Monthly,1
1198,20.9,60.1,21.8,6,Annual,1
1199,20.4,65.5,26.7,23,Annual,0
1200,19.7,66.3,43.1,19,Monthly,0
1201,15.5,68.0,12.3,8,Monthly,0
1202,30.0,49.3,23.7,13,Monthly,1
1203,16.0,72.9,17.8,1,Monthly,0
1204,15.1,55.7,17.3,6,Monthly,1
1205,16.0,67.6,28.0,7,Monthly,1
1206,16.6,78.1,6.4,27,Annual,0
1207,5.5,73.5,6.7,15,Monthly,0
1208,9.2,67.9,20.6,34,Monthly,0
1209,13.9,75.3,15.8,23,Free Trial,1
1210,5.3,78.5,17.8,24,Free Trial,0
1211,14.8,74.6,9.8,15,Monthly,0
1212,16.5,67.5,28.2,35,Monthly,0
1213,7.0,56.6,0.0,4,Annual,0
1214,10.4,82.0,0.0,17,Monthly,0
1215,26.8,74.4,31.9,31,Monthly,0
1216,19.4,74.8,16.3,10,Monthly,1
1217,18.8,36.7,35.6,27,Monthly,1
1218,25.2,62.9,23.9,6,Monthly,1
1219,9.3,69.9,12.1,6,Monthly,1
1220,7.0,67.0,0.0,15,Free Trial,0
1221,23.6,61.7,22.2,4,Monthly,1
1222,14.1,68.1,27.6,7,Monthly,1
1223,9.2,77.8,10.2,26,Free Trial,0
1224,37.2,49.0,39.9,31,Annual,1
1225,5.5,68.1,16.5,2,Monthly,0
1226,16.1,62.9,8.9,28,Free Trial,0
1227,13.3,64.2,23.8,13,Free Trial,0
1228,12.1,57.4,14.6,18,Annual,0
1229,3.4,68.0,7.2,30,Monthly,0
1230,29.8,53.5,47.2,11,Monthly,1
1231,6.2,87.8,10.5,13,Free Trial,1
1232,12.7,66.3,9.4,24,Annual,0
1233,11.6,65.5,15.3,29,Monthly,0
1234,19.7,54.9,22.7,5,Monthly,0
1235,5.5,77.3,23.0,35,Annual,0
1236,18.5,74.8,16.1,19,Free Trial,0
1237,16.2,83.5,31.7,13,Monthly,0
1238,10.2,75.1,0.0,5,Free Trial,0
1239,18.2,66.8,17.7,14,Monthly,1
1240,14.8,64.3,10.0,22,Monthly,0
1241,33.3,49.0,27.1,9,Annual,1
1242,13.3,75.1,8.5,26,Monthly,0
1243,8.5,71.8,4.7,5,Monthly,0
1244,18.6,64.0,34.6,29,Annual,0
1245,12.4,70.6,26.4,22,Annual,1
1246,14.7,64.1,20.5,3,Monthly,1
1247,7.0,75.1,5.1,28,Monthly,0
1248,19.8,48.0,18.3,14,Free Trial,0
1249,11.4,76.2,18.1,14,Free Trial,1
1250,16.8,85.7,14.2,11,Monthly,0
1251,37.3,44.0,34.0,9,Free Trial,1
1252,12.9,73.4,17.9,6,Monthly,1
1253,21.1,69.8,26.7,1,Free Trial,0
1254,13.3,80.3,9.9,25,Monthly,0
1255,10.2,70.7,5.3,16,Monthly,0
1256,27.3,43.0,18.2,15,Free Trial,1
1257,4.5,80.1,8.7,34,Monthly,0
1258,23.8,61.6,42.1,17,Monthly,1
1259,4.2,75.5,0.0,3,Monthly,0
1260,22.6,60.6,32.2,3,Monthly,1
1261,14.8,69.9,9.1,17,Annual,1
1262,8.5,77.2,5.2,1,Free Trial,0
1263,11.8,74.0,20.5,7,Free Trial,0
1264,20.6,61.7,18.5,26,Free Trial,0
1265,35.6,53.0,33.9,19,Monthly,1
1266,5.7,74.6,10.8,30,Monthly,0
1267,8.8,79.2,3.0,14,Free Trial,1
1268,6.7,71.0,18.4,13,Monthly,0
1269,13.3,70.6,13.5,20,Monthly,0
1270,22.9,48.4,13.6,26,Annual,1
1271,6.1,73.5,1.3,27,Monthly,0
1272,14.6,73.4,0.0,25,Monthly,0
1273,22.6,53.4,24.9,9,Monthly,1
1274,11.7,68.9,25.5,12,Annual,1
1275,2.4,60.6,1.7,10,Annual,0
1276,16.2,56.4,25.3,6,Monthly,0
1277,26.3,49.5,31.5,34,Monthly,0
1278,7.9,75.7,2.9,19,Monthly,0
1279,4.8,80.3,20.4,6,Monthly,0
1280,17.3,66.0,15.2,2,Monthly,0
1281,17.5,63.2,36.8,15,Monthly,1
1282,11.2,68.8,0.0,17,Annual,0
1283,10.1,78.7,7.5,16,Monthly,0
1284,14.9,70.3,13.8,28,Annual,1
1285,7.8,72.3,10.2,21,Monthly,0
1286,7.8,85.3,13.2,8,Monthly,0
1287,20.5,79.1,46.1,10,Monthly,1
1288,7.5,65.3,16.6,10,Monthly,1
1289,5.0,81.7,6.5,10,Monthly,0
1290,10.1,97.7,0.0,9,Monthly,0
1291,11.4,74.0,0.0,28,Annual,0
1292,18.5,66.3,28.8,24,Free Trial,1
1293,10.5,72.1,7.3,19,Monthly,0
1294,28.5,60.3,49.0,33,Free Trial,1
1295,15.3,74.2,22.0,4,Annual,0
1296,9.3,63.7,17.1,3,Monthly,1
1297,18.1,65.5,21.9,12,Monthly,1
1298,28.2,38.4,35.6,18,Free Trial,1
1299,20.2,62.1,14.2,23,Monthly,0
1300,5.9,69.5,0.0,20,Annual,1
1301,11.9,74.0,7.4,6,Free Trial,0
1302,16.7,53.7,20.9,34,Monthly,1
1303,19.8,60.1,15.1,2,Free Trial,0
1304,13.3,77.8,0.4,30,Monthly,0
1305,12.3,65.5,8.4,9,Monthly,0
1306,33.2,36.9,44.5,27,Monthly,1
1307,20.4,65.7,26.2,34,Monthly,0
1308,18.1,61.0,21.2,24,Monthly,0
1309,10.8,70.8,18.0,17,Monthly,0
1310,7.8,69.2,1.3,29,Monthly,1
1311,18.3,81.3,6.5,12,Free Trial,0
1312,21.5,50.2,27.6,31,Monthly,0
1313,14.6,91.5,0.0,9,Annual,0
1314,20.4,60.5,22.0,19,Free Trial,0
1315,20.7,64.9,8.5,17,Free Trial,0
1316,22.2,57.4,8.1,2,Free Trial,1
1317,5.8,71.8,16.3,5,Annual,0
1318,12.1,64.8,24.4,16,Annual,0
1319,18.8,69.8,11.7,17,Monthly,0
1320,15.1,57.2,5.4,27,Monthly,1
1321,20.7,66.3,0.0,7,Monthly,0
1322,18.1,48.2,40.1,8,Monthly,0
1323,3.6,81.0,6.7,8,Monthly,0
1324,24.8,66.5,16.2,23,Monthly,1
1325,11.3,61.6,12.4,32,Annual,0
1326,9.0,79.3,0.0,18,Monthly,0
1327,24.4,60.5,28.8,12,Free Trial,1
1328,19.9,76.9,33.9,15,Monthly,1
1329,26.0,51.7,19.8,28,Monthly,1
1330,16.8,89.4,31.8,31,Annual,0
1331,12.0,52.1,17.9,9,Monthly,1
1332,15.8,65.2,32.1,8,Monthly,1
1333,8.1,61.1,16.9,19,Monthly,0
1334,6.6,90.9,7.1,8,Monthly,0
1335,10.4,70.6,29.1,34,Monthly,0
1336,29.8,53.8,35.3,4,Annual,1
1337,10.9,75.7,14.7,31,Monthly,0
1338,5.1,77.4,0.0,3,Monthly,0
1339,13.5,65.1,2.3,35,Annual,1
1340,10.9,62.2,19.4,19,Free Trial,1
1341,25.0,60.8,36.7,29,Free Trial,1
1342,28.8,59.1,27.3,10,Monthly,0
1343,11.7,77.0,6.0,12,Free Trial,0
1344,16.8,82.2,0.0,30,Annual,0
1345,17.5,48.9,15.9,30,Monthly,0
1346,14.3,68.6,16.5,18,Monthly,0
1347,13.0,79.9,3.5,24,Free Trial,0
1348,8.7,73.2,2.1,32,Monthly,0
1349,4.6,59.2,12.3,9,Monthly,1
1350,8.6,63.9,26.6,24,Monthly,1
1351,14.0,72.0,20.3,26,Monthly,0
1352,6.1,78.8,10.3,3,Monthly,0
1353,16.3,72.7,16.9,23,Monthly,1
1354,15.2,62.1,22.7,11,Monthly,0
1355,10.9,74.3,10.7,10,Monthly,0
1356,12.7,63.0,12.4,13,Monthly,1
1357,6.8,78.0,15.0,29,Free Trial,0
1358,22.0,62.6,19.3,13,Monthly,0
1359,21.8,55.8,12.5,26,Free Trial,0
1360,7.5,87.7,18.8,20,Monthly,1
1361,7.6,61.5,0.0,5,Monthly,1
1362,8.7,73.0,24.5,20,Free Trial,1
1363,19.3,57.9,25.8,14,Annual,1
1364,17.4,81.0,4.6,14,Monthly,0
1365,24.2,65.0,22.1,8,Annual,0
1366,25.6,53.8,22.1,13,Free Trial,1
1367,5.8,74.6,16.1,24,Annual,0
1368,19.0,79.8,21.6,15,Free Trial,0
1369,25.1,51.9,30.4,1,Monthly,1
1370,12.3,56.9,24.4,22,Annual,1
1371,14.5,71.3,13.5,34,Free Trial,0
1372,13.4,72.5,29.5,3,Free Trial,0
1373,13.7,75.0,24.0,26,Monthly,1
1374,21.9,67.6,15.5,14,Monthly,0
1375,32.6,66.9,33.1,8,Monthly,1
1376,28.0,43.1,37.0,16,Free Trial,0
1377,11.1,62.4,13.1,21,Monthly,0
1378,16.8,72.2,12.5,10,Free Trial,1
1379,9.4,64.7,24.7,25,Annual,0
1380,10.0,61.4,15.0,22,Monthly,1
1381,14.2,84.2,12.9,4,Monthly,0
1382,9.8,60.2,28.0,4,Free Trial,1
1383,10.7,69.6,35.8,30,Annual,0
1384,16.6,66.6,12.4,2,Monthly,1
1385,18.8,75.5,13.7,29,Annual,0
1386,18.6,50.3,23.8,21,Monthly,0
1387,18.7,68.5,18.6,21,Monthly,0
1388,7.1,68.5,14.7,21,Monthly,1
1389,9.6,78.4,5.3,4,Free Trial,0
1390,15.0,61.3,6.4,1,Monthly,1
1391,24.5,72.5,35.5,26,Free Trial,1
1392,41.2,37.7,44.9,2,Monthly,1
1393,17.1,46.9,19.6,9,Monthly,0
1394,20.9,56.9,26.4,18,Monthly,1
1395,6.6,74.0,25.9,11,Monthly,0
1396,20.6,72.1,10.6,25,Monthly,0
1397,35.8,39.7,37.7,26,Free Trial,0
1398,9.5,63.5,1.7,35,Monthly,0
1399,10.8,79.9,8.9,3,Annual,0
1400,22.3,50.9,30.5,35,Monthly,0
1401,14.9,67.2,6.0,22,Free Trial,0
1402,4.3,76.8,5.6,8,Monthly,0
1403,11.2,73.7,19.3,15,Monthly,1
1404,28.7,50.1,34.1,7,Monthly,1
1405,12.6,63.2,5.6,19,Monthly,0
1406,12.6,73.3,16.3,17,Free Trial,0
1407,21.6,55.4,28.3,1,Annual,1
1408,17.4,55.4,21.9,29,Monthly,1
1409,12.3,80.8,20.3,13,Free Trial,1
1410,10.5,76.5,5.5,29,Free Trial,0
1411,50.8,50.4,44.6,6,Monthly,1
1412,26.4,64.5,12.7,5,Monthly,1
1413,18.7,55.0,7.4,34,Monthly,0
1414,19.3,65.4,26.0,11,Annual,1
1415,13.7,61.5,17.3,9,Free Trial,1
1416,17.3,53.2,17.4,9,Annual,1
1417,13.0,66.7,5.5,8,Monthly,1
1418,9.1,81.7,15.9,3,Monthly,0
1419,17.7,68.3,3.7,13,Annual,1
1420,12.4,59.7,25.8,19,Monthly,0
1421,18.1,61.8,23.5,34,Monthly,1
1422,19.8,63.0,6.9,32,Annual,0
1423,18.6,51.7,23.8,16,Monthly,1
1424,8.7,79.9,32.7,18,Monthly,0
1425,11.7,69.6,24.2,14,Annual,0
1426,12.5,59.6,9.6,30,Monthly,0
1427,23.5,49.3,32.6,2,Monthly,0
1428,22.9,70.2,6.8,13,Monthly,0
1429,9.9,70.1,0.1,27,Monthly,0
1430,7.0,85.2,5.7,17,Free Trial,0
1431,42.2,56.6,39.2,31,Monthly,0
1432,18.2,73.8,23.2,15,Free Trial,0
1433,6.4,71.9,17.4,20,Monthly,1
1434,10.8,52.3,22.7,5,Annual,1
1435,24.0,62.9,7.8,7,Monthly,0
1436,37.2,65.3,28.3,18,Free Trial,0
1437,34.2,51.0,40.2,11,Free Trial,0
1438,17.9,50.0,26.8,32,Monthly,1
1439,14.7,63.4,18.7,27,Annual,0
1440,8.2,73.2,13.5,26,Monthly,0
1441,15.3,59.4,21.4,28,Free Trial,1
1442,8.8,53.5,0.0,2,Monthly,1
1443,11.8,70.6,23.7,20,Monthly,0
1444,22.3,55.7,22.6,4,Monthly,1
1445,12.9,84.5,16.1,13,Monthly,1
1446,12.5,71.6,0.0,24,Monthly,0
1447,14.3,72.9,28.9,29,Monthly,0
1448,45.3,40.3,30.4,2,Monthly,1
1449,7.7,75.8,32.4,18,Monthly,1
1450,16.9,53.6,40.3,8,Annual,1
1451,32.7,44.3,20.8,15,Monthly,1
1452,14.3,77.9,19.8,17,Monthly,0
1453,26.2,60.1,15.2,23,Annual,1
1454,6.7,72.8,4.1,2,Monthly,0
1455,13.2,74.0,7.5,6,Free Trial,0
1456,9.4,77.6,13.9,29,Monthly,0
1457,14.2,85.2,13.2,27,Annual,0
1458,14.3,70.4,4.0,34,Monthly,0
1459,15.1,59.9,22.3,18,Free Trial,0
1460,22.2,61.1,20.0,10,Monthly,1
1461,3.3,83.9,0.0,17,Monthly,0
1462,10.5,80.5,5.7,13,Annual,0
1463,16.3,54.4,35.6,27,Free Trial,0
1464,4.5,80.0,2.9,2,Monthly,0
1465,19.9,56.9,5.4,34,Free Trial,0
1466,10.4,68.1,20.6,31,Monthly,1
1467,13.3,76.8,3.9,23,Annual,0
1468,22.7,67.6,22.1,7,Free Trial,0
1469,26.8,52.5,25.4,33,Monthly,0
1470,20.2,62.5,36.2,12,Monthly,1
1471,7.6,70.9,9.3,12,Monthly,0
1472,19.7,87.4,2.4,19,Monthly,0
1473,20.4,65.9,15.2,9,Monthly,0
1474,18.5,58.7,9.5,10,Annual,1
1475,28.9,66.6,22.0,17,Monthly,0
1476,15.3,79.1,28.6,10,Monthly,0
1477,28.3,70.8,33.6,12,Monthly,0
1478,28.3,73.3,39.9,15,Annual,0
1479,20.7,69.0,23.0,31,Monthly,1
1480,17.1,63.8,19.5,15,Free Trial,0
1481,18.5,63.7,10.1,28,Monthly,0
1482,31.9,50.9,32.7,4,Monthly,1
1483,24.5,56.7,23.3,1,Annual,0
1484,8.1,84.6,14.1,34,Free Trial,0
1485,17.9,65.9,8.0,17,Annual,1
1486,9.1,81.6,9.0,33,Annual,0
1487,10.2,78.2,0.0,21,Monthly,0
1488,12.0,62.4,18.9,26,Monthly,0
1489,6.3,62.6,18.8,5,Free Trial,0
1490,8.8,64.2,0.0,33,Free Trial,1
1491,29.7,51.9,16.7,1,Annual,1
1492,10.2,73.9,0.0,6,Monthly,0
1493,22.2,56.8,21.6,2,Free Trial,1
1494,16.0,73.2,2.3,5,Monthly,0
1495,19.3,60.4,32.9,26,Annual,0
1496,19.7,66.3,22.9,13,Monthly,1
1497,8.5,75.3,15.5,12,Monthly,0
1498,22.2,75.9,3.1,5,Monthly,0
1499,7.1,67.8,23.2,2,Monthly,1
1500,10.0,90.7,12.1,4,Free Trial,0
1501,19.6,59.6,14.8,27,Free Trial,0
1502,8.2,63.9,0.0,10,Monthly,0
1503,4.2,76.5,6.7,13,Monthly,1
1504,17.5,92.2,5.8,2,Monthly,0
1505,5.6,84.1,2.1,26,Monthly,1
1506,20.5,68.4,12.4,15,Free Trial,1
1507,12.5,77.1,18.2,10,Free Trial,0
1508,17.4,60.2,0.0,22,Monthly,1
1509,17.2,69.1,29.6,25,Monthly,1
1510,21.3,62.9,29.8,15,Monthly,0
1511,19.9,78.6,17.3,13,Monthly,0
1512,8.2,73.8,9.1,8,Monthly,1
1513,12.9,67.4,24.6,21,Monthly,0
1514,17.4,57.0,20.1,21,Monthly,1
1515,28.6,57.4,24.0,22,Free Trial,0
1516,20.0,66.4,29.3,33,Free Trial,1
1517,27.4,47.7,47.6,27,Monthly,1
1518,17.8,69.6,8.2,22,Annual,0
1519,24.7,61.6,26.9,30,Monthly,1
1520,16.7,75.1,4.9,9,Annual,0
1521,24.2,69.9,24.9,35,Monthly,0
1522,12.1,71.8,6.1,18,Monthly,0
1523,30.2,46.5,41.6,5,Monthly,1
1524,18.8,58.4,19.9,27,Free Trial,0
1525,6.3,90.4,4.8,6,Free Trial,0
1526,17.7,67.4,32.2,32,Annual,0
1527,20.0,78.0,9.0,8,Monthly,0
1528,22.5,65.7,26.9,21,Free Trial,1
1529,35.3,56.3,24.8,18,Free Trial,1
1530,11.1,79.5,21.0,14,Annual,0
1531,35.4,40.3,51.5,15,Annual,0
1532,14.7,71.2,12.3,26,Monthly,0
1533,9.7,63.4,0.0,32,Free Trial,0
1534,11.3,69.6,7.1,28,Annual,0
1535,19.4,69.6,39.7,32,Monthly,0
1536,8.9,65.8,7.8,13,Monthly,0
1537,12.2,75.5,28.0,15,Monthly,0
1538,17.4,54.3,15.8,18,Monthly,0
1539,30.1,64.1,19.6,6,Monthly,1
1540,22.2,56.7,30.2,11,Annual,1
1541,15.0,60.3,24.1,32,Monthly,0
1542,19.4,53.1,30.4,20,Monthly,1
1543,16.6,62.4,18.4,33,Monthly,0
1544,7.5,60.0,23.4,8,Monthly,0
1545,32.6,48.2,40.1,35,Monthly,0
1546,30.3,63.5,36.0,5,Monthly,0
1547,14.1,67.8,9.8,35,Monthly,0
1548,11.5,62.3,24.9,14,Free Trial,1
1549,7.6,77.0,4.4,21,Free Trial,0
1550,20.0,65.1,18.0,24,Monthly,1
1551,20.0,79.6,13.5,17,Monthly,0
1552,9.3,79.9,0.2,18,Monthly,0
1553,16.7,69.4,0.7,34,Monthly,0
1554,21.9,69.5,30.2,12,Monthly,0
1555,11.1,71.0,6.5,16,Monthly,0
1556,13.2,69.5,12.0,4,Monthly,0
1557,13.1,83.4,3.6,25,Free Trial,0
1558,9.7,60.2,12.9,34,Monthly,1
1559,13.4,77.7,7.5,28,Monthly,0
1560,5.7,76.0,19.9,11,Free Trial,0
1561,12.8,68.2,9.3,13,Annual,1
1562,12.9,66.0,30.7,31,Monthly,1
1563,14.2,70.5,24.9,25,Monthly,0
1564,18.7,64.9,14.5,10,Monthly,1
1565,7.2,72.2,13.2,24,Free Trial,0
1566,8.0,69.1,16.4,1,Free Trial,0
1567,9.5,58.2,23.4,25,Monthly,1
1568,6.8,70.1,19.2,28,Free Trial,0
1569,19.7,60.2,22.5,18,Free Trial,0
1570,10.8,73.5,3.3,6,Annual,0
1571,14.4,84.7,16.3,2,Monthly,0
1572,9.1,68.9,10.2,3,Free Trial,0
1573,12.1,62.9,0.0,8,Monthly,1
1574,17.1,60.9,22.6,31,Monthly,0
1575,17.5,67.5,10.8,19,Monthly,0
1576,8.2,79.3,4.6,6,Free Trial,0
1577,14.1,75.2,13.2,14,Monthly,0
1578,9.2,80.4,0.0,3,Free Trial,0
1579,13.8,77.3,13.6,1,Monthly,0
1580,10.3,70.5,9.7,30,Monthly,0
1581,33.7,68.1,18.2,19,Free Trial,1
1582,21.8,59.5,22.6,19,Monthly,0
1583,17.9,66.8,2.6,9,Monthly,0
1584,12.6,81.0,11.3,7,Monthly,1
1585,22.1,66.6,24.4,7,Monthly,0
1586,14.3,51.2,23.2,9,Monthly,1
1587,32.0,53.3,36.7,4,Annual,1
1588,23.2,68.0,30.9,25,Free Trial,1
1589,12.0,60.4,15.8,12,Annual,0
1590,30.2,60.8,36.2,6,Free Trial,1
1591,12.7,73.7,12.1,18,Monthly,0
1592,34.6,60.3,22.7,21,Monthly,1
1593,31.0,48.6,26.9,15,Free Trial,1
1594,17.0,74.6,17.4,3,Free Trial,0
1595,5.8,78.0,17.6,2,Monthly,1
1596,16.4,81.4,12.6,4,Annual,0
1597,7.8,97.3,0.0,32,Monthly,0
1598,10.5,84.9,21.3,2,Monthly,0
1599,10.9,76.0,0.0,29,Monthly,0
1600,7.7,93.6,0.0,2,Monthly,0
1601,16.4,72.0,23.5,34,Monthly,0
1602,9.8,65.9,29.5,27,Monthly,0
1603,13.0,70.0,18.5,18,Free Trial,0
1604,11.0,78.2,12.8,19,Monthly,1
1605,18.7,71.8,14.1,27,Free Trial,0
1606,18.0,56.8,25.8,20,Free Trial,1
1607,12.4,62.1,17.4,21,Free Trial,1
1608,19.2,62.0,13.1,23,Annual,1
1609,26.2,62.7,20.9,30,Annual,0
1610,3.8,83.9,0.0,25,Free Trial,0
1611,10.6,73.6,11.9,31,Free Trial,1
1612,8.6,67.6,13.9,27,Free Trial,0
1613,10.1,86.8,22.2,34,Monthly,1
1614,3.3,70.4,3.3,8,Free Trial,0
1615,3.7,89.1,1.7,19,Annual,0
1616,2.1,86.0,14.7,26,Free Trial,0
1617,11.2,82.2,25.7,28,Free Trial,1
1618,11.0,68.6,17.8,4,Free Trial,0
1619,28.1,55.6,24.5,31,Annual,0
1620,15.8,68.2,11.9,16,Annual,1
1621,3.7,74.9,0.0,10,Monthly,0
1622,18.9,66.8,10.0,10,Monthly,0
1623,60.0,40.6,49.7,9,Free Trial,1
1624,3.8,68.2,8.0,19,Free Trial,1
1625,32.2,47.7,37.0,19,Monthly,1
1626,14.3,63.0,15.2,12,Monthly,0
1627,11.7,70.8,6.6,13,Monthly,0
1628,10.7,71.3,15.6,25,Monthly,0
1629,17.3,72.6,38.3,25,Monthly,1
1630,11.7,71.7,10.1,28,Free Trial,0
1631,7.6,77.6,10.2,30,Monthly,1
1632,10.9,75.3,19.0,5,Monthly,1
1633,17.6,68.1,12.1,17,Free Trial,0
1634,20.6,69.1,30.0,18,Monthly,0
1635,33.9,50.5,17.3,21,Annual,1
1636,15.4,81.3,8.4,22,Monthly,0
1637,27.0,78.0,16.6,6,Monthly,1
1638,13.2,75.7,13.9,16,Free Trial,0
1639,14.2,71.1,0.0,2,Monthly,1
1640,13.8,74.6,25.4,1,Annual,0
1641,16.4,58.5,23.2,30,Monthly,0
1642,22.4,63.3,31.4,23,Free Trial,0
1643,11.4,65.8,29.1,1,Annual,1
1644,8.9,78.1,2.8,19,Monthly,0
1645,23.3,55.2,1.8,3,Monthly,0
1646,22.5,59.0,33.0,2,Monthly,1
1647,29.1,40.8,29.2,17,Free Trial,0
1648,10.5,63.2,4.6,28,Monthly,0
1649,13.0,73.2,18.4,18,Monthly,1
1650,23.7,53.7,47.1,33,Monthly,1
1651,11.4,80.3,9.2,15,Free Trial,0
1652,20.1,56.2,30.8,22,Monthly,1
1653,13.3,73.7,4.3,27,Annual,0
1654,17.3,60.3,4.2,32,Annual,0
1655,7.5,78.3,16.9,19,Free Trial,0
1656,15.3,55.9,24.6,28,Monthly,1
1657,1.6,76.9,1.6,28,Monthly,0
1658,26.0,51.8,42.1,10,Annual,0
1659,21.5,69.7,3.0,20,Monthly,0
1660,8.5,78.0,0.0,25,Annual,0
1661,32.5,42.9,28.2,21,Annual,0
1662,25.2,57.7,21.3,14,Free Trial,0
1663,7.7,68.9,24.8,22,Monthly,0
1664,11.0,79.7,10.6,26,Monthly,0
1665,8.0,85.0,5.1,11,Free Trial,0
1666,17.5,54.7,9.8,7,Free Trial,0
1667,10.7,79.0,20.0,17,Free Trial,1
1668,4.4,71.5,0.0,18,Monthly,0
1669,14.1,67.2,4.1,7,Monthly,1
1670,22.8,61.7,18.4,20,Annual,1
1671,15.5,82.6,13.2,11,Monthly,0
1672,19.2,56.7,15.1,16,Monthly,0
1673,16.3,74.1,21.1,27,Monthly,0
1674,21.0,53.7,20.9,11,Monthly,0
1675,17.0,56.8,29.8,16,Monthly,1
1676,13.7,69.9,19.1,23,Free Trial,0
1677,15.4,68.3,32.1,12,Annual,0
1678,29.6,32.7,30.5,3,Monthly,1
1679,19.8,73.5,24.4,2,Free Trial,0
1680,8.5,57.2,0.0,24,Annual,1
1681,15.3,67.1,42.3,29,Free Trial,0
1682,17.4,77.0,21.6,34,Monthly,0
1683,13.5,87.5,6.5,20,Monthly,0
1684,4.4,75.2,5.5,18,Free Trial,0
1685,9.0,62.4,12.0,14,Monthly,0
1686,11.7,81.8,26.5,18,Monthly,1
1687,34.4,58.0,37.6,2,Monthly,1
1688,18.7,61.2,15.9,1,Free Trial,0
1689,5.7,71.9,0.0,20,Monthly,0
1690,14.0,63.7,27.3,34,Free Trial,0
1691,27.3,54.6,34.2,11,Annual,1
1692,10.6,75.0,17.7,27,Free Trial,1
1693,24.1,55.7,23.8,23,Monthly,1
1694,5.8,73.2,6.5,3,Annual,1
1695,1.9,85.4,18.6,12,Monthly,0
1696,25.9,46.8,44.2,30,Annual,1
1697,11.4,68.7,19.4,31,Annual,0
1698,4.5,64.5,19.8,23,Monthly,0
1699,11.9,72.2,15.0,1,Monthly,1
1700,16.2,51.9,9.0,20,Free Trial,0
1701,18.4,72.6,7.5,6,Free Trial,0
1702,2.7,69.1,19.1,11,Monthly,0
1703,10.2,58.7,27.5,35,Free Trial,1
1704,15.1,65.5,26.2,4,Monthly,1
1705,18.4,79.2,17.5,29,Free Trial,1
1706,8.5,80.1,18.5,10,Monthly,0
1707,13.1,54.8,18.3,29,Monthly,0
1708,10.6,61.7,20.9,1,Monthly,0
1709,16.5,64.0,16.0,8,Monthly,1
1710,25.5,77.0,9.4,17,Annual,0
1711,12.2,63.5,23.5,19,Monthly,0
1712,6.5,68.7,22.4,33,Monthly,1
1713,9.9,85.3,30.1,15,Annual,0
1714,32.4,54.4,31.9,31,Free Trial,1
1715,9.0,82.3,0.0,21,Monthly,0
1716,7.3,69.7,8.1,3,Free Trial,0
1717,11.8,70.5,12.1,2,Free Trial,0
1718,14.0,80.0,13.0,35,Annual,0
1719,11.0,71.0,17.0,16,Monthly,0
1720,5.9,85.7,8.8,21,Annual,0
1721,17.3,69.6,23.6,12,Monthly,1
1722,16.5,58.9,21.2,28,Annual,0
1723,20.6,63.3,0.3,12,Annual,0
1724,16.3,75.2,16.4,33,Monthly,0
1725,31.1,59.4,28.0,20,Monthly,1
1726,21.4,62.4,26.0,21,Monthly,1
1727,19.3,49.5,20.5,22,Annual,1
1728,25.9,44.3,31.0,26,Monthly,0
1729,15.8,55.1,25.1,7,Monthly,1
1730,13.3,66.0,14.1,7,Monthly,0
1731,17.2,63.5,24.5,8,Free Trial,0
1732,4.2,66.4,11.0,26,Free Trial,0
1733,15.8,76.0,15.3,24,Monthly,1
1734,14.0,59.3,0.0,24,Annual,0
1735,18.1,54.7,11.3,12,Monthly,0
1736,24.2,60.9,12.7,8,Monthly,0
1737,19.6,72.1,19.1,9,Monthly,0
1738,9.9,89.5,18.0,3,Monthly,1
1739,22.2,66.6,19.2,21,Annual,0
1740,31.3,66.5,32.9,31,Monthly,0
1741,24.5,50.3,32.2,24,Free Trial,1
1742,6.8,93.1,5.1,4,Free Trial,0
1743,19.5,49.6,29.0,20,Annual,0
1744,7.4,71.3,12.9,16,Annual,0
1745,12.6,75.1,11.1,10,Monthly,1
1746,17.9,53.1,25.4,26,Free Trial,0
1747,16.7,59.6,32.3,29,Monthly,1
1748,24.3,51.5,30.1,5,Monthly,1
1749,31.4,51.3,31.8,11,Monthly,0
1750,18.8,76.5,7.5,29,Annual,0
1751,12.1,71.3,26.0,15,Annual,1
1752,4.4,74.4,0.0,6,Annual,0
1753,27.3,34.4,17.3,15,Monthly,0
1754,14.0,73.1,17.1,20,Monthly,0
1755,14.4,75.4,5.4,34,Monthly,1
1756,15.0,54.9,29.6,2,Monthly,1
1757,18.3,65.0,3.4,16,Monthly,0
1758,18.6,66.8,26.8,19,Free Trial,0
1759,12.7,78.3,18.9,34,Monthly,0
1760,13.9,63.7,17.6,14,Monthly,1
1761,10.5,65.5,0.0,24,Monthly,0
1762,9.9,69.4,0.0,28,Free Trial,0
1763,9.9,83.4,10.6,32,Monthly,0
1764,13.8,77.9,10.1,10,Free Trial,0
1765,8.8,73.9,17.2,9,Monthly,1
1766,1.8,88.6,1.8,24,Monthly,0
1767,12.0,52.3,17.5,29,Annual,1
1768,7.1,82.0,0.0,29,Monthly,0
1769,15.5,59.1,26.2,23,Monthly,0
1770,10.5,86.7,1.9,27,Monthly,0
1771,18.4,56.9,17.5,31,Monthly,1
1772,7.5,68.4,2.0,7,Free Trial,0
1773,4.9,82.1,0.0,4,Monthly,0
1774,13.9,74.7,26.5,14,Monthly,0
1775,11.7,67.9,21.2,10,Monthly,1
1776,6.7,78.9,15.3,34,Monthly,0
1777,21.4,66.7,17.9,26,Annual,1
1778,8.3,77.7,0.0,23,Free Trial,0
1779,9.6,70.1,31.2,9,Monthly,1
1780,23.5,64.9,25.2,8,Annual,0
1781,19.0,76.2,16.8,14,Annual,0
1782,7.7,65.2,9.5,7,Free Trial,0
1783,12.3,64.2,0.0,7,Annual,1
1784,7.3,75.7,19.6,9,Free Trial,0
1785,22.6,53.2,15.0,3,Monthly,1
1786,22.6,47.2,31.2,14,Monthly,1
1787,33.6,60.5,35.3,17,Monthly,1
1788,40.0,28.2,44.6,22,Monthly,1
1789,10.4,69.4,17.1,26,Free Trial,0
1790,20.8,69.3,30.8,28,Free Trial,0
1791,4.5,80.1,0.0,14,Monthly,0
1792,16.1,64.4,19.0,9,Monthly,1
1793,18.2,56.9,18.9,26,Annual,1
1794,8.5,77.1,0.0,2,Monthly,0
1795,10.1,65.0,16.6,11,Free Trial,0
1796,22.7,63.7,32.6,17,Monthly,1
1797,18.4,66.6,30.5,34,Monthly,0
1798,31.5,54.9,45.6,19,Free Trial,1
1799,29.7,50.1,13.3,18,Monthly,0
1800,5.3,93.5,17.5,13,Annual,1
1801,11.0,75.0,13.2,5,Monthly,0
1802,8.0,72.6,25.0,23,Monthly,1
1803,21.3,65.0,16.7,24,Monthly,0
1804,16.9,60.6,14.4,29,Free Trial,0
1805,8.3,71.4,0.2,8,Free Trial,0
1806,9.1,93.0,12.1,26,Annual,0
1807,26.5,52.0,31.6,15,Annual,1
1808,11.7,70.9,3.1,1,Free Trial,0
1809,4.0,74.8,0.0,28,Monthly,0
1810,7.9,66.6,16.1,14,Annual,1
1811,34.7,54.1,35.6,34,Free Trial,1
1812,23.8,60.9,14.0,31,Free Trial,1
1813,7.0,83.0,0.0,6,Annual,0
1814,16.1,74.0,20.6,5,Monthly,0
1815,23.1,68.4,36.9,31,Free Trial,0
1816,5.2,69.9,5.4,15,Monthly,0
1817,24.4,65.2,13.9,15,Free Trial,0
1818,18.3,70.8,19.5,5,Monthly,1
1819,9.7,65.1,19.6,28,Monthly,0
1820,19.8,61.6,17.1,33,Monthly,1
1821,17.1,55.0,39.1,11,Monthly,1
1822,17.7,71.5,24.4,6,Monthly,0
1823,15.8,73.1,11.4,23,Free Trial,0
1824,8.9,85.4,0.0,2,Free Trial,1
1825,9.9,71.3,23.9,15,Annual,1
1826,12.9,74.0,23.6,23,Monthly,0
1827,15.0,76.4,10.6,22,Free Trial,0
1828,20.4,57.6,25.1,9,Monthly,1
1829,35.1,43.1,33.0,30,Annual,1
1830,16.5,61.4,23.4,16,Monthly,1
1831,20.2,61.0,11.6,30,Monthly,0
1832,22.5,54.8,13.4,9,Monthly,1
1833,20.9,57.7,29.5,1,Free Trial,1
1834,8.7,81.2,16.9,8,Annual,0
1835,27.7,56.3,21.9,18,Monthly,1
1836,25.6,61.4,16.9,27,Monthly,0
1837,15.7,63.4,27.9,18,Annual,0
1838,9.0,69.0,5.8,32,Annual,1
1839,14.9,70.9,15.4,32,Free Trial,0
1840,5.7,77.9,7.1,21,Free Trial,0
1841,29.5,61.7,12.5,32,Monthly,0
1842,10.4,83.1,10.5,31,Free Trial,0
1843,12.6,65.2,16.2,16,Monthly,1
1844,28.4,63.3,27.9,14,Annual,1
1845,26.8,49.3,29.4,24,Monthly,0
1846,17.4,82.9,31.9,25,Monthly,0
1847,31.6,47.3,41.7,35,Free Trial,0
1848,8.6,79.8,9.1,17,Monthly,0
1849,17.4,57.6,21.5,4,Annual,1
1850,8.6,73.1,26.7,11,Monthly,1
1851,24.8,72.0,27.8,15,Free Trial,1
1852,24.4,53.5,14.3,30,Monthly,1
1853,32.7,70.2,33.5,24,Annual,1
1854,14.7,68.8,26.6,2,Monthly,1
1855,37.1,56.4,46.1,34,Annual,0
1856,8.2,77.9,5.5,23,Monthly,1
1857,14.3,72.8,9.7,31,Monthly,0
1858,8.4,63.1,5.2,13,Free Trial,1
1859,16.2,63.6,20.6,33,Monthly,0
1860,8.8,83.7,14.3,7,Monthly,0
1861,24.9,56.9,20.0,32,Annual,1
1862,18.6,66.4,17.1,7,Monthly,1
1863,7.8,62.6,0.0,13,Free Trial,0
1864,22.0,57.9,36.3,24,Monthly,0
1865,30.5,63.5,11.7,28,Free Trial,0
1866,19.5,54.2,25.9,32,Monthly,1
1867,6.5,81.9,9.1,18,Monthly,0
1868,13.6,71.2,14.5,34,Free Trial,0
1869,20.8,61.4,21.6,34,Monthly,0
1870,12.9,68.2,5.5,1,Monthly,0
1871,8.1,70.8,8.3,31,Monthly,0
1872,26.2,55.2,34.6,1,Free Trial,0
1873,12.6,78.1,22.9,16,Annual,0
1874,30.5,51.1,25.7,15,Free Trial,1
1875,11.0,86.5,0.0,33,Free Trial,0
1876,12.2,73.4,5.7,23,Monthly,0
1877,10.6,67.9,30.1,34,Free Trial,1
1878,13.4,77.7,5.6,17,Monthly,0
1879,18.5,70.4,16.2,25,Annual,0
1880,8.4,61.2,27.0,6,Monthly,1
1881,7.5,67.0,7.3,31,Monthly,1
1882,5.2,76.4,6.4,5,Monthly,0
1883,4.8,65.0,18.3,30,Free Trial,1
1884,6.5,92.8,19.2,5,Monthly,0
1885,11.0,78.7,4.6,12,Monthly,0
1886,16.1,67.4,29.1,7,Annual,1
1887,18.0,63.1,16.4,13,Free Trial,0
1888,15.7,63.1,9.7,4,Monthly,1
1889,28.8,40.3,34.0,3,Annual,0
1890,33.3,38.1,24.5,12,Monthly,0
1891,12.6,85.8,13.4,1,Annual,1
1892,8.4,87.0,34.9,27,Monthly,0
1893,38.3,42.9,46.1,13,Monthly,1
1894,25.8,66.0,21.4,17,Annual,1
1895,24.9,63.7,32.0,8,Monthly,1
1896,10.8,77.3,2.3,32,Free Trial,0
1897,22.3,50.5,18.2,20,Monthly,0
1898,15.8,53.4,20.0,17,Monthly,1
1899,14.1,78.8,12.9,34,Annual,0
1900,14.1,53.5,8.1,35,Annual,1
1901,18.9,63.8,16.5,35,Annual,0
1902,29.3,52.7,27.0,24,Free Trial,0
1903,39.9,42.5,51.1,18,Monthly,1
1904,11.8,73.9,0.7,33,Monthly,0
1905,16.2,62.0,5.8,23,Annual,0
1906,13.9,72.6,15.4,25,Monthly,1
1907,18.3,66.7,28.4,27,Free Trial,1
1908,13.0,87.1,14.0,1,Annual,0
1909,36.6,38.0,39.5,21,Monthly,1
1910,10.1,73.2,9.0,10,Monthly,0
1911,11.8,74.8,18.1,31,Monthly,0
1912,10.8,70.2,20.3,25,Monthly,0
1913,13.6,59.1,15.4,20,Monthly,0
1914,6.8,85.9,0.0,2,Monthly,0
1915,11.0,74.8,3.1,15,Monthly,1
1916,18.2,55.5,29.3,28,Free Trial,0
1917,18.1,69.2,3.3,13,Monthly,0
1918,16.7,80.6,28.1,14,Monthly,0
1919,28.0,56.5,22.4,2,Monthly,1
1920,18.5,65.3,21.4,34,Monthly,0
1921,27.6,69.7,28.6,35,Monthly,0
1922,39.9,38.4,32.3,25,Monthly,1
1923,22.6,75.5,13.6,15,Monthly,1
1924,6.8,83.6,7.9,12,Monthly,0
1925,17.0,59.3,11.9,9,Monthly,0
1926,15.8,62.5,8.3,31,Monthly,0
1927,30.5,50.3,20.9,14,Monthly,0
1928,13.8,54.9,30.0,29,Free Trial,1
1929,9.3,75.7,14.0,8,Annual,1
1930,11.3,64.8,7.6,3,Annual,0
1931,7.0,78.1,16.3,2,Monthly,0
1932,1.7,70.1,1.3,16,Monthly,0
1933,36.7,56.4,13.7,19,Annual,1
1934,14.8,74.6,20.0,30,Monthly,0
1935,7.4,69.7,26.0,16,Monthly,1
1936,31.9,56.2,33.7,31,Free Trial,1
1937,34.5,51.6,14.5,28,Monthly,1
1938,16.1,79.4,12.8,4,Annual,1
1939,6.6,67.8,8.8,10,Monthly,1
1940,11.5,70.5,16.6,18,Monthly,0
1941,13.1,65.1,8.0,32,Annual,0
1942,15.1,68.8,12.6,30,Monthly,0
1943,8.0,79.1,0.0,9,Monthly,1
1944,23.5,55.6,26.2,29,Monthly,1
1945,3.7,75.7,0.0,16,Monthly,0
1946,25.4,66.9,25.8,28,Annual,0
1947,28.1,67.6,16.4,21,Annual,1
1948,12.1,75.1,0.0,2,Monthly,0
1949,14.2,68.1,22.5,35,Monthly,0
1950,29.8,53.3,32.8,28,Free Trial,1
1951,20.4,68.1,31.0,31,Annual,1
1952,12.3,72.8,0.0,33,Monthly,0
1953,13.1,57.0,12.2,23,Monthly,0
1954,18.9,69.5,18.7,17,Free Trial,0
1955,35.0,43.6,39.3,1,Annual,1
1956,13.3,58.7,4.5,23,Free Trial,0
1957,12.1,57.8,21.2,27,Monthly,1
1958,15.0,66.8,11.1,25,Monthly,0
1959,15.1,60.3,1.5,32,Monthly,0
1960,17.3,47.8,16.4,19,Monthly,0
1961,14.2,66.3,20.5,24,Monthly,1
1962,26.1,54.5,9.7,3,Monthly,1
1963,8.9,72.8,16.8,12,Free Trial,0
1964,18.3,60.5,22.4,35,Free Trial,1
1965,18.6,79.9,12.0,15,Annual,1
1966,9.4,77.7,0.0,17,Free Trial,1
1967,18.2,61.7,5.5,32,Free Trial,1
1968,18.9,64.5,15.4,7,Monthly,0
1969,2.7,90.9,0.0,19,Monthly,0
1970,8.4,82.1,5.0,7,Monthly,1
1971,31.0,42.9,40.3,5,Annual,1
1972,10.6,64.6,12.0,21,Annual,0
1973,7.4,69.1,8.6,7,Monthly,0
1974,4.6,74.3,5.6,23,Monthly,0
1975,8.0,70.0,20.5,11,Monthly,0
1976,13.9,69.8,26.3,10,Monthly,1
1977,7.1,81.5,11.2,21,Free Trial,0
1978,20.5,70.8,19.3,33,Monthly,0
1979,9.3,71.0,13.9,20,Free Trial,0
1980,17.3,53.3,34.4,33,Annual,1
1981,28.8,47.7,33.8,35,Monthly,1
1982,27.9,52.7,41.3,34,Free Trial,0
1983,17.2,56.6,16.7,27,Monthly,0
1984,7.7,84.2,0.0,19,Annual,0
1985,14.4,59.6,12.0,5,Monthly,1
1986,17.5,71.2,11.2,29,Monthly,0
1987,43.5,29.4,57.6,10,Monthly,1
1988,4.6,83.1,12.2,13,Annual,1
1989,14.4,67.9,9.8,29,Monthly,0
1990,20.1,76.0,23.6,5,Free Trial,1
1991,15.6,58.9,17.8,12,Monthly,1
1992,16.5,62.6,33.0,13,Monthly,1
1993,9.6,70.4,9.2,22,Annual,0
1994,23.3,59.8,9.0,15,Free Trial,1
1995,15.1,65.7,14.9,13,Monthly,0
1996,16.5,64.5,14.7,1,Monthly,0
1997,24.5,57.2,12.2,1,Annual,0
1998,12.5,54.2,23.9,11,Monthly,1
1999,27.2,65.5,36.1,22,Monthly,1
2000,6.9,98.7,0.0,35,Free Trial,0
2001,17.0,69.1,25.4,6,Free Trial,1
2002,9.3,64.6,8.3,28,Monthly,0
2003,7.9,66.6,12.2,31,Monthly,1
2004,34.8,55.5,29.3,8,Monthly,1
2005,7.2,78.6,8.1,5,Annual,0
2006,15.2,66.0,20.8,17,Monthly,0
2007,6.8,81.9,0.0,9,Monthly,0
2008,26.4,41.8,41.6,10,Free Trial,1
2009,11.8,77.4,15.8,20,Free Trial,0
2010,24.5,61.9,30.4,14,Monthly,1
2011,19.8,56.2,15.0,14,Monthly,0
2012,40.3,34.2,29.9,26,Monthly,0
2013,6.0,77.6,18.7,29,Annual,0
2014,8.4,85.7,0.0,27,Monthly,0
2015,23.8,58.7,24.8,25,Monthly,0
2016,17.4,59.5,28.9,16,Annual,0
2017,13.0,71.8,12.5,34,Monthly,0
2018,36.6,63.6,39.6,16,Monthly,1
2019,14.7,72.2,12.0,33,Free Trial,0
2020,9.5,77.8,0.0,3,Monthly,0
2021,24.6,69.6,24.0,23,Annual,1
2022,14.9,72.3,16.3,11,Free Trial,0
2023,15.5,61.8,42.2,18,Monthly,1
2024,20.6,49.5,16.0,29,Monthly,0
2025,21.0,55.7,20.6,5,Annual,1
2026,8.3,65.7,6.3,24,Monthly,0
2027,12.6,75.9,10.9,29,Annual,0
2028,6.5,82.6,5.1,29,Monthly,0
2029,17.5,67.6,9.5,26,Free Trial,0
2030,34.5,40.8,39.0,3,Free Trial,1
2031,8.5,88.6,4.2,2,Monthly,0
2032,5.7,73.5,21.2,25,Monthly,1
2033,10.3,77.5,4.6,19,Annual,0
2034,12.9,70.8,30.6,2,Free Trial,0
2035,21.1,64.6,22.7,19,Monthly,0
2036,12.2,75.5,23.5,1,Free Trial,1
2037,17.7,60.5,20.6,27,Monthly,0
2038,11.2,82.4,2.4,35,Annual,0
2039,13.3,57.4,15.7,5,Free Trial,1
2040,9.3,65.3,1.0,4,Monthly,0
2041,7.7,85.4,5.6,17,Free Trial,0
2042,21.5,67.4,21.2,21,Monthly,1
2043,11.6,91.9,7.2,31,Free Trial,0
2044,18.3,66.0,30.2,22,Monthly,1
2045,9.2,87.3,5.5,11,Monthly,0
2046,14.7,53.9,2.9,34,Monthly,0
2047,3.8,67.3,41.8,15,Free Trial,1
2048,12.1,78.3,4.9,10,Monthly,0
2049,9.8,59.3,24.3,32,Monthly,0
2050,25.8,57.2,11.5,31,Monthly,0
2051,7.0,85.0,8.5,28,Free Trial,0
2052,13.6,73.8,6.2,31,Annual,0
2053,17.4,66.4,0.0,6,Monthly,0
2054,24.0,56.8,21.7,14,Free Trial,1
2055,22.4,63.4,20.8,23,Free Trial,1
2056,14.2,73.9,11.7,16,Annual,1
2057,15.2,63.0,19.7,25,Monthly,0
2058,25.8,61.7,21.3,2,Annual,1
2059,14.0,78.0,12.9,34,Monthly,0
2060,16.1,65.7,18.6,25,Monthly,1
2061,26.2,58.9,24.4,16,Monthly,0
2062,43.1,47.1,36.1,18,Free Trial,1
2063,16.8,71.3,7.8,13,Monthly,0
2064,19.1,71.8,22.3,27,Monthly,0
2065,22.1,54.0,21.4,34,Annual,0
2066,26.1,54.3,22.8,11,Monthly,0
2067,24.3,56.2,29.2,1,Monthly,1
2068,10.7,65.1,16.3,13,Monthly,1
2069,17.4,52.0,15.7,30,Monthly,1
2070,24.4,34.0,42.5,5,Free Trial,1
2071,28.8,65.6,13.5,18,Free Trial,0
2072,13.6,57.3,9.0,14,Monthly,0
2073,17.2,79.1,19.7,13,Monthly,1
2074,18.2,71.6,32.3,32,Monthly,0
2075,15.0,65.3,11.5,7,Monthly,1
2076,16.9,71.7,19.5,8,Monthly,1
2077,3.6,82.1,0.0,7,Annual,1
2078,56.2,22.6,43.7,16,Monthly,1
2079,13.3,69.9,24.5,31,Monthly,0
2080,13.9,61.7,20.4,27,Monthly,1
2081,5.4,82.4,16.7,33,Annual,0
2082,4.8,72.0,18.8,29,Monthly,0
2083,18.8,64.3,0.3,8,Monthly,0
2084,24.5,58.8,13.0,33,Free Trial,0
2085,22.3,62.9,23.8,19,Annual,0
2086,9.2,87.0,0.0,21,Free Trial,0
2087,21.6,60.6,12.2,21,Free Trial,0
2088,13.8,79.4,24.6,25,Monthly,0
2089,12.0,75.0,7.2,23,Annual,0
2090,6.6,87.4,11.8,11,Monthly,0
2091,9.8,70.4,12.0,33,Monthly,0
2092,19.0,70.4,11.2,20,Annual,0
2093,17.3,66.0,2.7,25,Monthly,0
2094,16.0,43.7,25.8,26,Monthly,1
2095,3.5,70.1,22.0,12,Monthly,1
2096,16.1,72.2,9.3,32,Annual,0
2097,10.6,76.6,11.5,33,Monthly,0
2098,17.3,56.0,7.0,10,Annual,0
2099,26.5,59.9,18.6,4,Free Trial,0
2100,11.5,75.7,14.7,15,Monthly,0
2101,15.5,67.8,22.9,6,Free Trial,1
2102,36.5,55.0,36.6,27,Monthly,1
2103,16.9,71.5,0.0,5,Annual,0
2104,14.5,68.7,11.3,5,Monthly,0
2105,9.3,69.6,3.5,18,Free Trial,1
2106,21.9,70.6,16.1,28,Free Trial,0
2107,8.4,78.2,8.2,35,Monthly,0
2108,27.1,46.6,38.5,22,Free Trial,0
2109,20.4,65.4,22.2,34,Monthly,0
2110,10.8,63.0,27.8,4,Annual,1
2111,9.5,65.8,7.2,18,Monthly,0
2112,9.6,68.2,0.1,26,Monthly,0
2113,4.9,78.0,20.4,22,Monthly,0
2114,18.6,68.3,21.6,33,Monthly,0
2115,3.8,75.3,0.8,14,Free Trial,1
2116,14.0,66.5,19.7,31,Annual,1
2117,13.5,65.8,23.2,10,Monthly,0
2118,12.3,79.3,12.0,24,Monthly,1
2119,18.5,42.5,18.9,21,Free Trial,1
2120,10.8,69.8,9.1,8,Free Trial,0
2121,16.1,79.9,15.5,32,Monthly,0
2122,27.1,61.8,26.2,31,Monthly,1
2123,19.6,74.5,27.4,34,Monthly,1
2124,11.7,55.2,15.4,23,Monthly,0
2125,14.7,58.8,9.8,25,Annual,1
2126,12.3,75.0,35.5,7,Annual,1
2127,13.4,82.3,12.3,19,Monthly,0
2128,16.4,58.2,27.1,7,Monthly,0
2129,6.4,73.1,14.3,8,Annual,0
2130,5.5,80.3,8.6,14,Monthly,1
2131,8.8,62.4,12.1,1,Monthly,1
2132,19.0,69.1,0.0,13,Free Trial,0
2133,20.3,42.3,16.9,3,Monthly,0
2134,21.8,66.3,23.1,28,Free Trial,0
2135,9.0,65.9,0.0,15,Free Trial,1
2136,15.4,64.5,17.8,3,Annual,1
2137,11.9,76.5,17.6,4,Monthly,0
2138,13.7,73.2,21.1,5,Annual,0
2139,11.8,71.3,18.5,26,Monthly,1
2140,16.8,74.6,23.5,25,Annual,0
2141,10.1,59.3,30.2,10,Monthly,1
2142,25.6,60.6,33.8,8,Monthly,1
2143,25.7,52.5,28.1,12,Monthly,1
2144,18.7,72.5,15.3,3,Free Trial,0
2145,24.1,65.8,22.6,27,Monthly,0
2146,6.2,82.2,4.3,23,Monthly,0
2147,26.3,71.5,31.1,33,Free Trial,1
2148,17.8,75.0,20.4,14,Monthly,1
2149,10.4,71.3,8.9,23,Free Trial,1
2150,9.9,73.1,23.4,31,Free Trial,1
2151,30.8,59.1,24.6,13,Monthly,1
2152,22.0,63.3,12.6,12,Annual,0
2153,13.5,75.4,12.7,35,Monthly,0
2154,6.2,58.6,6.4,18,Monthly,1
2155,27.0,72.7,29.5,21,Annual,1
2156,7.7,75.5,2.0,1,Monthly,0
2157,12.0,58.2,16.1,9,Monthly,1
2158,13.5,62.5,25.2,23,Free Trial,1
2159,9.8,56.2,10.1,14,Monthly,0
2160,13.2,61.4,20.6,11,Monthly,0
2161,14.6,67.7,7.0,7,Monthly,0
2162,13.1,82.3,12.7,31,Annual,0
2163,17.3,69.8,21.7,24,Monthly,0
2164,31.3,55.7,28.2,26,Free Trial,1
2165,6.4,67.2,11.7,30,Annual,1
2166,15.9,61.1,22.4,34,Monthly,0
2167,7.8,69.0,9.0,5,Annual,0
2168,6.0,70.9,18.0,5,Monthly,1
2169,23.2,58.3,35.6,19,Free Trial,1
2170,16.6,64.8,9.3,28,Monthly,0
2171,5.8,74.1,24.9,26,Monthly,1
2172,13.2,64.7,13.1,23,Free Trial,0
2173,8.8,75.1,28.3,30,Monthly,0
2174,3.5,76.4,4.4,3,Monthly,0
2175,13.5,57.1,24.6,28,Monthly,0
2176,20.6,63.7,26.6,33,Monthly,0
2177,19.6,63.4,16.3,3,Monthly,0
2178,11.9,58.7,17.6,5,Free Trial,1
2179,23.8,55.9,37.3,19,Monthly,0
2180,28.1,61.5,22.1,1,Free Trial,1
2181,20.8,54.2,19.4,9,Free Trial,0
2182,10.8,62.3,4.9,5,Monthly,0
2183,13.7,67.1,29.5,34,Monthly,1
2184,30.8,59.2,22.9,33,Monthly,1
2185,12.3,85.4,20.0,25,Annual,0
2186,19.6,69.6,12.5,29,Monthly,0
2187,9.7,81.9,19.3,25,Monthly,1
2188,23.8,63.3,29.4,9,Annual,1
2189,9.1,68.3,10.5,3,Annual,0
2190,14.0,74.6,6.7,15,Annual,0
2191,19.3,64.0,13.5,4,Free Trial,0
2192,34.0,54.4,24.4,20,Monthly,0
2193,16.5,59.6,28.7,23,Annual,0
2194,12.7,74.3,14.2,8,Annual,1
2195,12.2,70.0,3.7,33,Monthly,0
2196,23.3,62.9,19.7,33,Free Trial,0
2197,18.5,64.7,17.6,7,Annual,1
2198,20.4,61.4,1.6,22,Monthly,0
2199,29.8,59.1,24.9,5,Monthly,1
2200,15.1,65.1,23.3,15,Monthly,0
2201,17.8,53.2,20.6,21,Monthly,0
2202,12.1,56.1,20.1,25,Free Trial,0
2203,9.5,74.9,15.1,17,Monthly,1
2204,10.6,68.9,10.0,7,Annual,0
2205,2.9,65.5,16.5,19,Monthly,1
2206,19.2,65.6,32.0,7,Monthly,1
2207,18.2,64.9,4.8,24,Annual,0
2208,19.0,60.9,17.1,11,Monthly,0
2209,9.2,75.7,31.3,1,Monthly,1
2210,10.7,82.9,10.5,32,Monthly,0
2211,10.5,82.9,8.6,2,Free Trial,0
2212,25.0,60.7,21.2,15,Free Trial,1
2213,16.1,66.8,28.3,21,Monthly,1
2214,15.0,69.7,6.9,24,Annual,0
2215,21.4,65.2,28.5,17,Monthly,1
2216,10.5,70.4,10.1,9,Free Trial,0
2217,17.6,67.5,10.7,35,Monthly,0
2218,36.2,36.9,34.7,20,Free Trial,1
2219,26.9,58.4,24.9,19,Monthly,0
2220,17.5,70.1,12.1,18,Free Trial,0
2221,15.3,64.3,27.2,20,Annual,1
2222,18.9,64.2,12.4,30,Free Trial,0
2223,28.8,47.2,30.9,1,Free Trial,1
2224,27.8,47.0,34.0,24,Monthly,1
2225,31.2,55.6,29.6,24,Free Trial,1
2226,16.6,61.2,25.7,19,Monthly,0
2227,3.8,64.4,6.9,30,Annual,0
2228,34.9,41.7,40.3,26,Free Trial,1
2229,9.5,65.7,19.4,29,Monthly,1
2230,4.1,84.5,13.7,13,Annual,0
2231,21.2,64.3,3.4,4,Monthly,1
2232,3.9,71.6,13.2,17,Annual,0
2233,14.9,63.9,25.1,33,Free Trial,0
2234,3.8,89.1,0.0,5,Free Trial,0
2235,12.3,78.4,6.3,28,Free Trial,0
2236,31.2,45.0,25.4,24,Monthly,1
2237,17.6,75.5,5.8,17,Monthly,0
2238,14.8,68.0,21.7,11,Free Trial,0
2239,18.6,71.7,37.3,12,Monthly,1
2240,2.2,78.7,0.6,13,Monthly,0
2241,10.4,82.2,4.8,8,Annual,0
2242,11.2,62.6,15.5,1,Free Trial,1
2243,20.1,61.9,6.1,9,Free Trial,0
2244,8.3,84.2,1.1,28,Monthly,0
2245,16.2,48.2,21.9,2,Free Trial,0
2246,14.1,69.0,7.0,14,Monthly,0
2247,10.7,69.3,23.9,13,Monthly,1
2248,11.0,77.5,0.0,2,Annual,0
2249,14.0,78.0,20.4,4,Monthly,1
2250,4.6,83.7,18.6,12,Monthly,0
2251,21.5,64.6,23.9,10,Annual,1
2252,9.5,73.8,9.8,3,Annual,0
2253,12.8,67.8,16.9,4,Monthly,0
2254,30.6,56.1,24.1,6,Monthly,0
2255,21.7,74.1,0.0,23,Monthly,1
2256,7.5,68.6,2.7,5,Monthly,0
2257,1.9,77.1,5.8,3,Annual,0
2258,19.0,64.3,10.7,10,Monthly,1
2259,13.0,78.3,8.0,19,Monthly,0
2260,16.3,69.1,20.5,14,Free Trial,0
2261,21.3,70.7,19.9,21,Free Trial,0
2262,23.0,69.5,29.3,28,Free Trial,1
2263,11.7,76.2,14.2,21,Free Trial,0
2264,13.9,61.0,20.5,24,Monthly,0
2265,17.9,79.2,7.7,17,Free Trial,0
2266,18.5,76.7,3.2,22,Monthly,0
2267,16.2,67.9,12.8,19,Free Trial,0
2268,29.0,44.9,23.9,10,Free Trial,1
2269,18.4,53.0,20.7,11,Monthly,1
2270,21.2,65.0,10.6,2,Annual,0
2271,16.9,61.2,26.5,33,Monthly,0
2272,8.3,60.8,7.8,31,Monthly,0
2273,10.3,60.1,12.4,35,Monthly,0
2274,7.3,71.7,10.3,23,Monthly,0
2275,24.3,61.7,33.0,26,Monthly,1
2276,5.8,88.1,20.6,25,Free Trial,0
2277,13.6,73.6,29.8,17,Monthly,0
2278,12.1,68.1,2.7,15,Monthly,0
2279,11.9,74.3,8.9,4,Monthly,0
2280,12.4,73.1,7.8,22,Monthly,0
2281,31.6,59.4,30.9,17,Monthly,0
2282,4.4,77.8,9.9,22,Monthly,0
2283,27.2,65.8,18.0,17,Free Trial,1
2284,13.0,76.9,6.1,14,Monthly,0
2285,22.3,62.6,12.5,14,Monthly,0
2286,15.3,67.3,0.0,17,Free Trial,0
2287,7.8,82.4,0.0,8,Monthly,0
2288,28.5,50.7,36.2,34,Annual,1
2289,26.3,46.3,41.8,26,Monthly,1
2290,8.1,62.6,25.8,30,Monthly,0
2291,19.7,57.9,29.7,22,Free Trial,1
2292,10.6,77.7,1.4,16,Monthly,0
2293,5.9,73.3,0.0,30,Free Trial,0
2294,9.5,75.1,0.0,16,Annual,0
2295,27.6,53.2,22.0,24,Monthly,1
2296,22.6,57.8,23.8,35,Monthly,1
2297,12.5,62.5,7.1,6,Free Trial,0
2298,27.7,56.3,30.2,4,Annual,1
2299,25.3,57.8,30.4,18,Annual,1
2300,9.5,76.8,5.9,6,Monthly,0
2301,31.0,56.4,16.1,26,Annual,0
2302,12.0,69.6,26.1,27,Free Trial,0
2303,12.9,58.4,17.9,11,Monthly,0
2304,4.4,86.6,21.9,16,Monthly,1
2305,10.5,71.9,13.0,19,Monthly,0
2306,13.6,70.4,15.9,15,Annual,0
2307,17.2,79.4,4.9,26,Free Trial,1
2308,7.8,82.3,3.8,31,Free Trial,0
2309,9.7,76.8,0.0,19,Monthly,0
2310,31.4,53.8,17.0,24,Annual,0
2311,24.5,59.9,30.2,9,Annual,1
2312,26.7,59.9,22.2,23,Monthly,1
2313,14.2,72.4,10.3,4,Monthly,1
2314,17.4,80.0,6.9,10,Monthly,0
2315,19.9,83.8,10.3,9,Monthly,0
2316,31.1,56.3,38.4,19,Free Trial,1
2317,5.8,59.5,14.7,15,Monthly,1
2318,11.1,64.4,4.1,34,Monthly,1
2319,16.6,81.5,21.9,19,Monthly,0
2320,15.3,73.9,29.8,21,Free Trial,0
2321,9.7,76.7,14.7,34,Monthly,0
2322,19.1,63.5,27.5,17,Annual,1
2323,11.3,62.3,26.5,18,Monthly,1
2324,14.8,82.1,0.0,17,Monthly,0
2325,18.7,58.6,37.5,2,Monthly,0
2326,11.6,77.4,21.0,1,Monthly,1
2327,21.6,52.1,28.7,10,Monthly,1
2328,23.6,59.0,22.1,5,Monthly,1
2329,9.9,81.1,0.0,12,Monthly,0
2330,11.3,69.9,10.3,31,Monthly,0
2331,8.4,71.5,15.2,9,Monthly,1
2332,14.6,68.9,5.4,26,Monthly,0
2333,17.1,55.9,20.0,15,Monthly,0
2334,12.2,58.8,6.4,16,Monthly,1
2335,16.9,72.5,12.1,13,Annual,0
2336,11.1,68.6,1.3,25,Monthly,0
2337,11.3,77.5,0.0,30,Annual,0
2338,17.6,75.1,18.2,7,Monthly,1
2339,11.7,81.1,4.9,4,Free Trial,0
2340,14.2,56.3,14.6,30,Annual,1
2341,17.9,60.3,14.1,10,Monthly,1
2342,16.8,71.2,40.4,30,Annual,0
2343,11.2,76.4,16.7,7,Monthly,0
2344,24.8,77.7,24.8,35,Free Trial,1
2345,5.6,69.7,3.2,24,Monthly,0
2346,1.6,89.9,6.4,20,Monthly,0
2347,19.5,67.4,16.4,32,Annual,0
2348,16.6,53.9,13.9,26,Monthly,1
2349,7.8,70.6,28.5,26,Monthly,1
2350,15.5,70.1,20.7,35,Monthly,0
2351,10.4,59.0,20.7,35,Monthly,0
2352,18.8,48.5,15.0,12,Free Trial,0
2353,1.9,66.2,0.0,33,Free Trial,0
2354,12.8,72.6,12.7,14,Monthly,0
2355,10.9,68.3,8.4,33,Free Trial,1
2356,21.7,57.5,28.2,24,Free Trial,1
2357,4.5,73.2,14.6,15,Free Trial,0
2358,15.0,57.1,19.7,31,Annual,1
2359,19.4,60.9,27.8,17,Monthly,1
2360,34.0,36.9,37.4,12,Monthly,1
2361,11.3,81.4,2.0,22,Free Trial,0
2362,17.3,80.0,11.7,23,Monthly,0
2363,4.7,59.1,14.1,26,Monthly,1
2364,14.6,65.1,24.9,14,Free Trial,1
2365,25.7,55.7,27.4,12,Monthly,1
2366,34.1,49.9,26.7,4,Monthly,1
2367,18.1,73.7,24.6,13,Monthly,1
2368,5.6,73.2,12.6,18,Monthly,0
2369,27.7,56.4,40.2,28,Monthly,0
2370,5.7,100.0,1.9,19,Free Trial,0
2371,7.4,74.5,0.4,3,Monthly,1
2372,28.9,70.2,33.4,19,Annual,1
2373,14.1,73.3,8.5,20,Monthly,0
2374,10.6,68.0,16.1,25,Monthly,1
2375,20.7,57.6,23.8,11,Annual,0
2376,16.0,67.6,16.9,17,Monthly,0
2377,24.5,50.9,24.7,35,Monthly,0
2378,16.3,60.4,4.0,14,Monthly,0
2379,16.5,63.7,9.0,19,Monthly,1
2380,24.1,62.6,32.6,3,Annual,1
2381,14.0,84.0,14.3,34,Monthly,0
2382,8.9,70.1,29.0,22,Free Trial,1
2383,21.3,66.5,10.4,27,Monthly,0
2384,12.5,57.7,17.3,21,Annual,1
2385,17.0,75.2,25.3,31,Free Trial,0
2386,4.1,64.6,5.8,27,Annual,0
2387,13.7,76.1,8.3,2,Monthly,1
2388,11.0,71.4,10.0,9,Monthly,0
2389,4.0,77.4,3.0,19,Monthly,1
2390,13.9,67.1,20.3,10,Monthly,1
2391,14.2,58.9,2.1,7,Monthly,1
2392,17.6,56.1,35.6,4,Annual,1
2393,25.5,65.8,13.6,15,Monthly,1
2394,23.5,61.0,3.5,12,Monthly,0
2395,11.4,69.2,13.4,6,Free Trial,0
2396,16.1,71.0,12.2,9,Free Trial,1
2397,18.9,65.8,17.1,35,Monthly,1
2398,11.6,65.2,17.6,8,Free Trial,1
2399,6.0,96.3,8.2,7,Monthly,0
2400,13.1,76.1,27.6,4,Monthly,0
2401,26.0,59.6,18.2,13,Annual,0
2402,5.8,72.7,16.4,19,Free Trial,1
2403,8.3,82.1,14.3,7,Free Trial,0
2404,9.4,67.2,0.0,10,Free Trial,0
2405,8.4,67.5,4.9,25,Annual,0
2406,20.7,76.9,4.8,35,Monthly,0
2407,10.4,72.9,15.8,25,Free Trial,0
2408,21.0,57.0,25.5,29,Annual,0
2409,15.0,68.5,18.9,12,Annual,0
2410,4.9,84.3,2.7,12,Annual,0
2411,11.7,76.4,9.7,6,Free Trial,1
2412,23.8,68.4,20.3,10,Monthly,1
2413,15.9,57.7,15.8,2,Monthly,1
2414,12.2,78.6,18.2,25,Monthly,0
2415,26.1,57.0,15.6,7,Free Trial,0
2416,7.9,75.6,2.6,23,Free Trial,0
2417,10.6,82.2,10.2,11,Annual,0
2418,22.7,67.2,17.0,23,Free Trial,0
2419,20.5,66.3,9.4,7,Monthly,0
2420,7.5,59.4,19.1,27,Monthly,0
2421,18.6,64.9,13.6,13,Monthly,0
2422,10.3,66.5,6.1,17,Monthly,0
2423,3.9,84.2,3.3,32,Monthly,0
2424,12.4,78.8,3.1,26,Monthly,0
2425,35.2,47.9,32.7,22,Monthly,1
2426,24.0,55.1,21.4,13,Monthly,1
2427,14.3,81.6,6.8,12,Monthly,0
2428,5.6,72.2,4.9,7,Monthly,0
2429,3.9,68.9,18.5,1,Monthly,1
2430,15.0,61.8,21.0,33,Monthly,0
2431,18.0,61.4,4.1,14,Free Trial,0
2432,20.9,56.3,30.5,17,Monthly,0
2433,19.7,71.1,22.2,4,Free Trial,0
2434,20.5,46.0,29.6,1,Annual,1
2435,16.9,59.7,27.4,24,Annual,1
2436,25.9,58.3,24.9,34,Free Trial,0
2437,11.0,73.8,17.5,34,Free Trial,1
2438,14.9,82.1,7.4,24,Monthly,0
2439,5.0,89.9,11.4,15,Annual,0
2440,10.9,59.4,18.1,17,Monthly,0
2441,23.7,45.4,15.0,13,Monthly,1
2442,20.2,64.0,29.2,7,Monthly,0
2443,3.0,73.9,6.3,9,Free Trial,1
2444,36.5,39.6,33.8,35,Monthly,0
2445,15.9,67.8,12.4,23,Monthly,0
2446,16.1,69.4,12.7,23,Monthly,1
2447,10.5,65.8,16.1,26,Free Trial,0
2448,11.8,66.4,5.7,1,Monthly,0
2449,15.8,61.7,4.1,14,Annual,1
2450,19.6,61.0,10.9,32,Monthly,1
2451,17.3,70.8,19.7,10,Monthly,1
2452,11.0,63.5,13.5,1,Free Trial,0
2453,8.8,69.0,22.2,5,Monthly,1
2454,8.5,71.2,10.7,3,Free Trial,1
2455,24.6,59.8,31.2,27,Monthly,0
2456,23.1,63.4,15.5,22,Monthly,1
2457,18.7,81.5,9.9,18,Monthly,0
2458,24.5,64.5,22.2,16,Free Trial,0
2459,13.7,74.4,11.9,2,Monthly,0
2460,22.2,59.9,20.0,13,Monthly,1
2461,19.2,56.9,13.7,16,Monthly,1
2462,22.5,57.6,8.8,8,Free Trial,0
2463,8.0,69.2,17.3,8,Monthly,1
2464,2.6,82.8,9.3,10,Monthly,0
2465,16.8,53.7,15.6,33,Monthly,0
2466,12.1,75.8,15.3,31,Annual,0
2467,3.4,78.0,5.0,12,Monthly,0
2468,26.5,64.0,33.4,9,Free Trial,1
2469,23.2,55.4,12.3,9,Monthly,0
2470,17.5,59.0,18.8,18,Annual,0
2471,9.1,70.6,10.0,30,Monthly,0
2472,4.8,74.2,9.8,32,Annual,1
2473,3.4,85.4,18.1,23,Monthly,0
2474,10.8,78.6,9.3,11,Monthly,1
2475,20.7,78.6,22.5,20,Monthly,0
2476,12.2,67.0,13.3,19,Monthly,0
2477,18.8,38.3,36.5,26,Monthly,0
2478,19.3,61.3,27.0,10,Monthly,0
2479,20.5,65.4,16.7,24,Monthly,0
2480,4.3,83.9,1.5,13,Monthly,1
2481,9.6,75.8,14.9,34,Free Trial,0
2482,18.7,61.2,14.0,29,Monthly,0
2483,29.4,69.3,25.1,7,Monthly,0
2484,25.4,50.9,23.5,30,Annual,1
2485,17.1,64.5,21.4,17,Monthly,1
2486,26.7,49.4,26.4,13,Free Trial,1
2487,17.0,66.9,11.1,24,Free Trial,0
2488,5.7,89.6,14.2,31,Monthly,0
2489,20.3,62.6,22.6,27,Free Trial,0
2490,25.8,57.7,24.4,21,Annual,1
2491,33.9,37.9,39.0,1,Monthly,1
2492,10.7,70.1,0.0,15,Annual,0
2493,7.5,84.5,25.6,3,Monthly,1
2494,22.2,60.0,22.4,6,Annual,1
2495,18.1,63.2,1.3,14,Free Trial,0
2496,17.3,75.3,25.7,33,Monthly,0
2497,26.9,55.3,19.4,8,Free Trial,1
2498,22.1,72.4,27.9,26,Free Trial,0
2499,19.0,54.7,23.1,15,Monthly,1
2500,11.4,77.2,0.0,14,Monthly,0
